institution,betweenness_centrality
Centre National de la Recherche Scientifique,0.05971496651935888
National University of Singapore,0.029478781765211286
University College London,0.028395298472322205
The University of Tokyo,0.02637341389888416
University of Western Australia,0.026213437512813673
University of Queensland,0.025013688298881384
University of Michigan–Ann Arbor,0.023746661815671807
Duke University,0.02333228382769488
University of Melbourne,0.020260638571095932
Harvard University,0.019208920878760298
Vellore Institute of Technology University,0.019010002132886197
The University of Texas Rio Grande Valley,0.018897956790094365
Sejong University,0.018256570349311625
UNSW Sydney,0.017961521468196802
Inserm,0.017199120319982993
University of Nottingham,0.01687718366123772
University of Cambridge,0.016328674876139794
Goethe University Frankfurt,0.014777239377164485
"University of California, San Diego",0.014506334340120936
University of Helsinki,0.013942824804391657
Christ University,0.013847430385021892
Universitat de Barcelona,0.013841538707932423
Heidelberg University,0.013098495377752989
University of Tübingen,0.013066637947844826
University of Indonesia,0.012749825776515183
Imperial College London,0.012700018387844552
Chinese Academy of Sciences,0.012416331807741371
Manipal Academy of Higher Education,0.012355804915009804
University of Oxford,0.011941235543415316
University of Johannesburg,0.01192646485023989
Hong Kong Baptist University,0.011558290148747201
King Khalid University,0.011472358193463074
Yale University,0.01146534840555632
Monash University,0.011181765551196692
University of Southern Denmark,0.010929250164611671
University of Lisbon,0.010905419464168235
University of Turin,0.010898777254681738
Newcastle University,0.010548983072463408
Erasmus MC,0.01049284250574812
Thapar Institute of Engineering & Technology,0.010411258368629593
Umm al-Qura University,0.010398646305190915
University of Tartu,0.010145701278867927
Tehran University of Medical Sciences,0.010117564364107877
King Saud University,0.01001699892834607
Universiti Tunku Abdul Rahman,0.009464881937693525
China Medical University,0.009248846521698004
Universidade de São Paulo,0.008713012336373012
University of Padua,0.00866739174420231
Tel Aviv University,0.008560089691402779
"Institut National de Recherche pour l'Agriculture, l'Alimentation et l'Environnement",0.008245031603164582
Norwegian University of Science and Technology,0.008131077269746883
Amity University,0.008105036042732449
University of Sydney,0.007781757741595991
University of Pennsylvania,0.0077700670245032
Johannes Gutenberg University Mainz,0.007695767252582642
Queen Elizabeth Hospital,0.00761973858558081
University of Edinburgh,0.00759452511581735
Curtin University,0.007520175059350962
University of Washington,0.007476580332717877
Ben-Gurion University of the Negev,0.00732469901815699
Technical University of Denmark,0.007250233376581514
Sri Ramachandra Institute of Higher Education and Research,0.007064502583083005
University of Portsmouth,0.007051666690724325
University of Tehran,0.006989260758479321
All India Institute of Medical Sciences,0.006930352113348342
National Taiwan University Hospital,0.0069267129669361915
Stanford University,0.006741187880844772
King's College London,0.006734649860037562
University of Turku,0.0067330039133970225
University of Miami,0.006658105150053845
Université de Montpellier,0.0066080430978984715
Kyoto University,0.006567786083062751
University of Pittsburgh,0.006452150540804754
Delft University of Technology,0.006408470907212785
University of Warwick,0.006384051339834564
University of Ottawa,0.006344188859677684
University of Electronic Science and Technology of China,0.006189897173198418
Durham University,0.006020385255240076
Central Pollution Control Board,0.0057910391289268184
University of Cyprus,0.005765364397111426
Massachusetts General Hospital,0.005716150184505611
The Ohio State University,0.005678414942513331
King Abdulaziz University,0.005635209076305687
Memorial Sloan Kettering Cancer Center,0.005587153732279406
Universidade do Porto,0.005536990821543731
Saveetha University,0.005472212902427225
LMU Klinikum,0.00547095896366158
COMSATS University Islamabad,0.005376505242274128
Institute of Genomics and Integrative Biology,0.005354850864923477
Chinese University of Hong Kong,0.005241721117398299
Western University,0.005195200338701803
Ghent University,0.005194836700486935
Emory University,0.005108619510957662
University of Amsterdam,0.005063760643121545
Utrecht University,0.005059528531222859
University of British Columbia,0.004987580130666807
University of Buenos Aires,0.004896364503996241
Indian Council of Agricultural Research,0.004849996117624556
University of Virginia,0.004848916333739312
Karolinska Institutet,0.004831867435973571
Consejo Nacional de Investigaciones Científicas y Técnicas,0.004752474362488324
Nanyang Technological University,0.0047181240450747
University of Bristol,0.004675426279235829
Johns Hopkins University,0.004648810896382804
Aarhus University,0.004531845068539953
Ludwig-Maximilians-Universität München,0.004504631454374598
Charles University,0.0044988345371712
National Cancer Institute,0.004361261659639769
Indian Institute of Science Bangalore,0.004337438070341085
University of Geneva,0.004243582649985081
Friedrich-Alexander-Universität Erlangen-Nürnberg,0.0042043771519713075
Boston Children's Hospital,0.004195426426288143
SRM University,0.00416651647258594
University of Tarapacá,0.004163383591470024
Chandigarh University,0.00404656038890839
University of Calgary,0.004016997834891148
Rudjer Boskovic Institute,0.003991819138386137
Universitat Autònoma de Barcelona,0.0039588435361314666
Indiana University,0.003922040057707218
University of Nairobi,0.0039023319575479127
University of Colorado Denver,0.0038502039412480643
Kyushu University,0.0038123379963862078
Northeastern University,0.003791636349336364
UCSI University,0.003761667945665891
Universidad de Granada,0.0037469933236723408
Washington University in St. Louis,0.0036328987542175025
Czech University of Life Sciences Prague,0.0036088220972672084
Simon Fraser University,0.0035311960029553516
University of Southern California,0.0035050831705737842
University of North Carolina at Chapel Hill,0.0034805009771278713
Nanjing Medical University,0.003479624905565495
University of Petroleum and Energy Studies,0.0034719341587880685
University of Freiburg,0.003390143910968398
Swansea University,0.003389557386646948
Purdue University West Lafayette,0.003388874040628777
BGC Trust University Bangladesh,0.003315027587744119
Addis Ababa University,0.0032541327173020366
Chiang Mai University,0.003248310333817071
Radboud University Medical Center,0.003238433833291757
Radboud University Nijmegen,0.003238433833291757
University of Toronto,0.003234847440061113
Hebrew University of Jerusalem,0.0032274719957966
Turku University Hospital,0.003184299453636365
Cancer Institute (WIA),0.0031406447757607162
University of Copenhagen,0.003128884902286393
"University of Maryland, College Park",0.0030448517328020516
University of Chicago,0.002988262039729521
École de management de Normandie,0.002961897421911942
Indian Institute of Technology Kharagpur,0.002948156018485801
University of Ghana,0.0029369667279896647
Roswell Park Comprehensive Cancer Center,0.0029355935841117683
Zayed University,0.002931848892559288
Massachusetts Institute of Technology,0.0028320849432839257
Novo Nordisk Foundation,0.0027607535504998427
Taif University,0.0026933418401699823
University of Vienna,0.0026550199340932418
Texas A&M University,0.002646845608546948
Odense University Hospital,0.002641561649984218
Institut de Recherche pour le Développement,0.0026313657726734926
Duke-NUS Medical School,0.0026201257211737336
"University of California, Berkeley",0.0025642373856954166
Robert Morris University Illinois,0.0025581873518975983
Boston University,0.0025461344964872305
Deakin University,0.0025429823901518024
Barcelona Institute for Global Health,0.0025210590564179935
Daffodil International University,0.002493950830310156
University of Dhaka,0.002493950830310156
Vrije Universiteit Amsterdam,0.0024765182198037473
Brazilian Agricultural Research Corporation,0.0024086893565232618
Baylor College of Medicine,0.0023764281660891328
Hospices Civils de Lyon,0.0023748820771192706
University of Ljubljana,0.002374707717671529
Queen Mary University of London,0.0023592639623120056
Indian Institute of Management Ahmedabad,0.00234257086076772
Cornell University,0.00233504596832485
Universitat Politècnica de València,0.002320825008009049
Indian Institute of Technology Delhi,0.002320780282119986
Indian Statistical Institute,0.0023206196727169537
KU Leuven,0.002314768421343565
The University of Texas at Austin,0.002298630579808003
Beth Israel Deaconess Medical Center,0.002258602953945959
University of Delhi,0.0022298396443055754
Sharda University,0.0022263972707873923
Icahn School of Medicine at Mount Sinai,0.002200569262080983
University of Alabama at Birmingham,0.002180651447773212
University College Dublin,0.0021762838443513412
University of Bern,0.002149416251863381
Lovely Professional University,0.002114298446920012
Sunway University,0.0021082900408176497
University of Hyderabad,0.0021041260826973295
"University of California, San Francisco",0.0020936756434633674
Symbiosis International University,0.0020923689703183828
Normandie Université,0.0020912411178172904
Columbia University,0.002091141610925004
University of Leeds,0.002066076320411333
University of Manchester,0.0020644661358372694
Amsterdam University Medical Centers,0.0020280407235821678
University of Tennessee Health Science Center,0.002027011244894702
Osaka University,0.0020260971442546422
Shanghai Jiao Tong University,0.001956152765947872
University of Groningen,0.0019514137678632454
University of Delaware,0.0019401548497208802
Rigshospitalet,0.001923663441716333
Humboldt-Universität zu Berlin,0.0018846479521203727
Tohoku University,0.0018846479521203727
Lancaster University,0.0018842465872518236
Indian Institute of Technology Hyderabad,0.0018791773558159842
Centers for Disease Control and Prevention,0.001876585401511896
Fudan University,0.0018683641521611174
University of Minnesota,0.0018545366807242811
Georgia State University,0.0018417507310197246
University of Manitoba,0.0018354802092355896
Austrian Academy of Sciences,0.0018293503020332768
Dr. B. R. Ambedkar National Institute of Technology Jalandhar,0.0017694870826088763
Nagoya University,0.0017377956705382956
Central University of Rajasthan,0.0017187453004434818
Central University of Punjab,0.0017103396122070966
University of Akron,0.001701519964343554
Brigham and Women's Hospital,0.0016951031611889718
The University of Texas MD Anderson Cancer Center,0.001684661073044244
Malaviya National Institute of Technology Jaipur,0.0016806217830089107
University of Ibadan,0.0016694097127967404
University of Kinshasa,0.00165700472704206
National Institute of Industrial Engineering,0.0016511599795490058
Jamia Millia Islamia,0.0016481102793220353
Yonsei University,0.0016392006708842303
University of Adelaide,0.0016309101878850285
Georgia Institute of Technology,0.0016185894024312092
University of Southampton,0.0016151172133953928
Wayne State University,0.0016139730923314301
Queen's University,0.0016098286862797008
Trinity College Dublin,0.0016086055305882497
Sorbonne Université,0.0015965543006807217
Finnish Institute for Health and Welfare,0.001587227122147866
Universidad Nacional Autónoma de México,0.0015756255750751147
University of the Witwatersrand,0.0015119870709262692
Commissariat à l'Énergie Atomique et aux Énergies Alternatives,0.001490924198654016
Indiana University Melvin and Bren Simon Comprehensive Cancer Center,0.0014851718695944034
WinnMed,0.001469032251128377
Qatar University,0.0014587205721386845
EcoHealth Alliance,0.0014537514289490784
National Institutes of Health,0.001448186641213917
Public Health Foundation of India,0.001425041499880605
Oregon State University,0.001419013859483782
University of Alberta,0.0013169650841076239
Nottingham University Hospitals NHS Trust,0.0012961855750523964
Heinrich Heine University Düsseldorf,0.001282654957034533
National University Health System,0.0012741412021073585
Universität Ulm,0.0012564376648157153
Homi Bhabha National Institute,0.0012549824527560787
Université de Bordeaux,0.0012548102740453234
Govind Ballabh Pant University of Agriculture and Technology,0.0012491168103810223
Institució Catalana de Recerca i Estudis Avançats,0.001248269080208469
University of Auckland,0.0012416325355487673
Research Advocacy Network,0.0011990141613300502
University of Pretoria,0.0011969205374842027
St Petersburg University,0.0011963933099125156
Hôpital Robert-Debré,0.0011940892392452494
University of York,0.0011846183398342201
Zoological Society of London,0.0011732816144002386
Vanderbilt University Medical Center,0.001172254746377276
Lund University,0.001161889172934746
Narsee Monjee Institute of Management Studies,0.0011610105065495147
Free University of Bozen-Bolzano,0.0011459740557114048
World Health Organization,0.0011162104457004846
The University of Texas Southwestern Medical Center,0.001114094607540692
Northwestern University,0.0011098609073895954
Robert Bosch Hospital,0.0010791993895917947
University of Cape Town,0.0010722866275387028
Red Cross War Memorial Children's Hospital,0.0010722866275387028
Murdoch Children's Research Institute,0.0010722866275387028
Near East University,0.001072167738926352
VA Boston Healthcare System,0.0010700096185240408
Jawaharlal Nehru University,0.0010596105192493463
University of Naples Federico II,0.0010551991521156765
Marien Ngouabi University,0.001055165252102236
Moffitt Cancer Center,0.0010393894340916241
University of Agder,0.0010358387817975673
Carnegie Mellon University,0.0010347640959902692
University of Gothenburg,0.00103364597280457
University of Lausanne,0.001025658883751454
University of Milan,0.001023420415217272
Dana-Farber Cancer Institute,0.0010008647376082286
University of Utah,0.0009915694277367018
University of Trieste,0.000987542811573976
Université Bourgogne Franche-Comté,0.0009720842983995028
Dublin City University,0.0009514451879132247
George Washington University,0.0009335086768354554
National Human Genome Research Institute,0.0009166763826427254
ETH Zurich,0.0009036813746465096
Tata Memorial Hospital,0.000903387502131029
Academy of Scientific and Innovative Research,0.000892139651089427
Universidad de Los Andes,0.0008696338254521533
Chinese Academy of Medical Sciences & Peking Union Medical College,0.0008512064277211391
Université de Montréal,0.0008489597933022679
Indian Institute of Technology Bombay,0.0008331562810581032
Peking University,0.0008297627905916204
Mudra Institute of Communications Ahmedabad,0.0008224781766220912
Aga Khan University Nairobi,0.000820600979402552
National Institute of Mental Health,0.0008183465131909718
"University of California, Los Angeles",0.0008139889388922215
Université Paris-Saclay,0.0007991386198734311
University of Glasgow,0.0007954605979727742
Pontificia Universidad Católica de Chile,0.0007757390558569272
Johns Hopkins Medicine,0.0007754967468202405
Jagiellonian University,0.000774865061733696
"University of California, Santa Cruz",0.0007673323511098254
University of Leicester,0.0007598772442470018
Wellcome Sanger Institute,0.0007493122827747806
Instituto Nacional de Ciencias Médicas y Nutrición Salvador Zubirán,0.0007386691471369984
University of Stavanger,0.0007175276468138554
"University of Maryland, Baltimore County",0.0007160268948568027
University of Sharjah,0.0007134971718027773
Dr. Yashwant Singh Parmar University of Horticulture and Forestry,0.0006994306926197569
Sher-e-Kashmir University of Agricultural Sciences and Technology of Kashmir,0.0006988745700062292
UCSF Helen Diller Family Comprehensive Cancer Center,0.0006983817958409236
Université Paris Cité,0.0006963145474725418
Universidad San Francisco de Quito,0.000695207545019091
Fermi National Accelerator Laboratory,0.0006866625378647172
Shoolini University,0.0006687589174955069
Sechenov University,0.0006685364465111471
Tabriz University of Medical Sciences,0.0006685364465111471
University of Malaya,0.0006611810381269731
Rush University Medical Center,0.0006578387128827528
McGill University,0.0006548193095205505
University of Würzburg,0.0006545341863323176
Columbia University Irving Medical Center,0.0006545341863323176
École de management de Lyon,0.0006412777491949725
Kumamoto University,0.0006369312224165972
"Kasturba Medical College, Manipal",0.0006367156196587358
University of Arizona,0.000634353321478357
Hospital de Clínicas de Porto Alegre,0.0006328975361093477
University of Liverpool,0.0006307522492251849
Makerere University,0.000628114513922056
Oregon Health & Science University,0.0006273673993582238
Gyeongsang National University,0.000622760604878401
Kaiser Permanente,0.0006158743156525726
Jazan University,0.0006120454628287111
Bursa Uludağ Üni̇versi̇tesi̇,0.0006120454628287111
Cardiff University,0.0006053100915395549
RMIT University,0.0006042459318121297
"Agency for Science, Technology and Research",0.000603695877054216
Children's Hospital of Philadelphia,0.000603695877054216
Graphic Era University,0.0005906520968936536
Centro de Investigación Biomédica en Red Diabetes y Enfermedades Metabólicas Asociadas,0.0005665907384452294
National Center for Global Health and Medicine,0.0005665907384452294
Institute for High Energy Physics,0.0005450797236706904
Barts Health NHS Trust,0.0005388401684153464
United Nations Children's Fund,0.0005336633427451918
University of Illinois Urbana-Champaign,0.0005290916774367668
University of Sussex,0.0005290916774367668
Lawrence Berkeley National Laboratory,0.0005290916774367668
Universidad Autónoma de Madrid,0.0005290916774367668
University of Wisconsin–Madison,0.0005290916774367668
Argonne National Laboratory,0.0005290916774367668
Centre Hospitalier Universitaire de Montpellier,0.0005271624425000526
Children's Hospital of Los Angeles,0.0005227402310203416
Hospital de Sant Pau,0.0005200556711550215
Helmholtz Centre for Environmental Research,0.0005152288173678824
Universitätsklinikum Erlangen,0.0004969983936010351
Freeman Hospital,0.0004968384984894815
University of Mississippi Medical Center,0.0004927120148103821
Fred Hutch Cancer Center,0.0004867944969968487
Swinburne University of Technology Sarawak Campus,0.00048084550968393165
Kumaun University,0.0004772932922680738
Leiden University Medical Center,0.0004765553324384504
Jaipuria Institute of Management,0.0004690533565282227
The Francis Crick Institute,0.0004659136136453868
Keck Hospital of USC,0.0004659136136453868
Singapore National Eye Center,0.00045498462837497957
Singapore Eye Research Institute,0.00045498462837497957
Mayo Clinic in Arizona,0.00044224770856630274
Weill Cornell Medicine,0.00044224770856630274
Post Graduate Institute of Medical Education and Research,0.00043405319418231915
Ollscoil na Gaillimhe – University of Galway,0.000433547069545716
Charité - Universitätsmedizin Berlin,0.000433547069545716
Seoul National University Bundang Hospital,0.000433547069545716
Helmholtz Zentrum München,0.00041034017788200554
Broad Institute,0.00041034017788200554
London School of Hygiene & Tropical Medicine,0.00040454504886374066
Copenhagen University Hospital,0.00038939796682075755
University of Tennessee at Knoxville,0.00036582218668370807
Medical College of Wisconsin,0.0003606743001364693
Fondazione IRCCS Istituto Nazionale dei Tumori,0.0003496793268549044
Aichi Medical University Hospital,0.00034702898174549196
Kindai University,0.00034698489180979837
Hospital for Sick Children,0.0003367567464168685
Assistance Publique – Hôpitaux de Paris,0.0003367567464168685
Pennsylvania State University,0.0003292163117970211
University Medical Center of the Johannes Gutenberg University Mainz,0.00031904499478188424
Northumbria University,0.0003119933263150668
Google (United States),0.0003092854757766442
IRCCS Humanitas Research Hospital,0.00029882024478974017
Gentofte Hospital,0.0002974344468097911
Jackson Memorial Hospital,0.0002974344468097911
EAE Business School,0.0002962810766031741
University of Georgia,0.0002962810766031741
Audencia Business School,0.0002962810766031741
ESIC Business & Marketing School,0.0002962810766031741
Hong Kong Polytechnic University,0.0002962810766031741
Universität der Bundeswehr München,0.0002962810766031741
University of Piraeus,0.0002962810766031741
BI Norwegian Business School,0.0002962810766031741
Swinburne University of Technology,0.00029178959774149723
Hôpital Lyon Sud,0.00026205404023016686
Fox Chase Cancer Center,0.00025883393682255907
Banaras Hindu University,0.00025845974732853434
Khon Kaen University,0.00025072459695660656
Nitte University,0.0002377654788334621
National Institute on Aging,0.00021868736136142395
Université de Lille,0.00021868736136142395
Institut Pasteur de Lille,0.00021868736136142395
McMaster University,0.00021868736136142395
All India Institute of Medical Sciences Bhopal,0.0002099173507429775
Pandit Deendayal Petroleum University,0.00020339574618185625
École Polytechnique Fédérale de Lausanne,0.00017991705908493717
Cleveland Clinic,0.00017651873860255568
National Institute of Food Technology Entrepreneurship and Management,0.0001726132986434309
Florida Polytechnic University,0.00016922844501615218
University of Massachusetts Amherst,0.0001640639900358055
National Taiwan University,0.0001640639900358055
Centre for Cellular and Molecular Biology,0.0001640639900358055
Centre for Human Genetics,0.0001640639900358055
Wake Forest University,0.0001640639900358055
"Institute of Biomedical Sciences, Academia Sinica",0.0001640639900358055
Harbor–UCLA Medical Center,0.0001640639900358055
Institute for Molecular Medicine Finland,0.0001640639900358055
RIKEN Center for Integrative Medical Sciences,0.0001640639900358055
George Institute for Global Health,0.000161524687456702
City of Hope,0.00015455458250752426
Hotel Dieu Hospital,0.00015455458250752426
Levine Cancer Institute,0.00015455458250752426
Medical University of Vienna,0.0001536166764467704
"University of California, Davis",0.00015082444046367368
Sri Sivasubramaniya Nadar College of Engineering,0.00014684051707012543
Indian Institute of Technology Madras,0.00014244631928127203
Yale Cancer Center,0.00012549827462297907
Tata Institute of Fundamental Research,0.00011615901040455803
Helsinki Institute of Physics,0.00011615901040455803
Institut Gustave Roussy,0.00011229823946716516
Istituti di Ricovero e Cura a Carattere Scientifico,0.00011229823946716516
Indiana University – Purdue University Indianapolis,0.00011229823946716516
Bambino Gesù Children's Hospital,0.00011229823946716516
"National University Cancer Institute, Singapore",0.00011229823946716516
Jena University Hospital,0.00011229823946716516
Garvan Institute of Medical Research,0.00011229823946716516
Fondazione IRCCS Ca' Granda Ospedale Maggiore Policlinico,0.00011229823946716516
Dr. Margarete Fischer-Bosch-Institute of Clinical Pharmacology,0.00011229823946716516
Texas Children's Hospital,0.00011229823946716516
Peter the Great St. Petersburg Polytechnic University,0.00011101762327636812
Uttaranchal University,0.00011101762327636812
Singapore General Hospital,0.00010497048468341655
Centre International de Recherche sur le Cancer,9.397194620655953e-05
Rajalakshmi Engineering College,8.352539052958305e-05
Queen Mary Hospital,7.93781348125856e-05
Centro de Investigación Biomédica en Red de Enfermedades Hepáticas y Digestivas,7.93781348125856e-05
Instituto de Investigación Sanitaria del Principado de Asturias,7.93781348125856e-05
81th Hospital of PLA,7.93781348125856e-05
Universidad de Oviedo,7.93781348125856e-05
AstraZeneca (Japan),7.93781348125856e-05
National Hospital of Pediatrics,7.93781348125856e-05
Jacksonville College,7.869078064065065e-05
AstraZeneca (United States),7.869078064065065e-05
Hanoi Medical University Hospital,7.869078064065065e-05
Centro de Investigación Biomédica en Red,7.869078064065065e-05
Centre International de Recherche en Infectiologie,5.076867977218856e-05
Royal Marsden Hospital,5.076867977218856e-05
Institut Paoli-Calmettes,5.076867977218856e-05
University of Siena,5.076867977218856e-05
Chi Mei Medical Center,5.076867977218856e-05
S.L. Raheja Hospital,5.076867977218856e-05
University Hospital Schleswig-Holstein,5.076867977218856e-05
Université Claude Bernard Lyon 1,5.076867977218856e-05
Leeds Teaching Hospitals NHS Trust,5.076867977218856e-05
Universitätsmedizin Göttingen,5.076867977218856e-05
Instituto de Investigación Marqués de Valdecilla,5.076867977218856e-05
Universidade Federal da Bahia,5.076867977218856e-05
Children's Hospital of Wisconsin,5.076867977218856e-05
Hôpital Cardiologique du Haut-Lévêque,5.076867977218856e-05
Mayo Clinic,5.076867977218856e-05
University of Lübeck,5.076867977218856e-05
Fudan University Shanghai Cancer Center,5.076867977218856e-05
Sichuan University,5.076867977218856e-05
Aga Khan University Hospital Nairobi,5.076867977218856e-05
West China Hospital of Sichuan University,5.076867977218856e-05
Marqués de Valdecilla University Hospital,5.076867977218856e-05
Medizinische Hochschule Hannover,4.4186109154314805e-05
Sahlgrenska University Hospital,4.4186109154314805e-05
University Hospital Leipzig,4.4186109154314805e-05
Guy's and St Thomas' NHS Foundation Trust,4.4186109154314805e-05
Hôpital Cochin,4.4186109154314805e-05
Hôpital Maisonneuve-Rosemont,4.4186109154314805e-05
Nationwide Children's Hospital,4.4186109154314805e-05
Munich Leukemia Laboratory (Germany),4.4186109154314805e-05
Cincinnati Children's Hospital Medical Center,4.4186109154314805e-05
Indiana University School of Medicine,4.4186109154314805e-05
Institut Cochin,4.4186109154314805e-05
Hôpital Ambroise-Paré,4.4186109154314805e-05
Hospital Infantil Universitario Niño Jesús,4.4186109154314805e-05
Indian Institute of Technology Indore,4.053243232379292e-05
Yeungnam University,4.0227052216099506e-05
Statistical Research (United States),2.8435227640805282e-05
MRC Epidemiology Unit,2.8435227640805282e-05
Ealing Hospital,2.8435227640805282e-05
Korea National Institute of Health,2.8435227640805282e-05
"Oxford Centre for Diabetes, Endocrinology and Metabolism",2.8435227640805282e-05
London North West Healthcare NHS Trust,2.8435227640805282e-05
Population Health Research Institute,2.8435227640805282e-05
Vejle Sygehus,2.8435227640805282e-05
Medical Research Council,2.8435227640805282e-05
Deutsches Diabetes-Zentrum e.V.,2.8435227640805282e-05
Centre for Genomic Regulation,2.8435227640805282e-05
Circadian (United States),2.8435227640805282e-05
German Center for Diabetes Research,2.8435227640805282e-05
The Lundquist Institute,2.8435227640805282e-05
Brown University,2.8435227640805282e-05
deCODE Genetics (Iceland),2.8435227640805282e-05
Hallym University,2.8435227640805282e-05
University of Vermont,2.8435227640805282e-05
European Genomic Institute for Diabetes,2.8435227640805282e-05
Hamilton Health Sciences,2.8435227640805282e-05
"Consejo Nacional de Humanidades, Ciencias y Tecnologías",2.8435227640805282e-05
All India Institute of Medical Sciences Raipur,2.6437080295411468e-05
University of Colorado Anschutz Medical Campus,2.0204110330243573e-05
Praevium Research (United States),2.0204110330243573e-05
University Hospital Regensburg,2.0204110330243573e-05
University of Regensburg,2.0204110330243573e-05
NIHR Leicester Biomedical Research Centre,2.0204110330243573e-05
23andMe (United States),2.0204110330243573e-05
Kiel University,2.0204110330243573e-05
National Institute of Genomic Medicine,2.0204110330243573e-05
University of Mississippi,2.0204110330243573e-05
Harokopio University of Athens,2.0204110330243573e-05
Copenhagen Prospective Studies on Asthma in Childhood,2.0204110330243573e-05
Institute for Biomedicine,2.0204110330243573e-05
National Health Research Institutes,2.0204110330243573e-05
VA Eastern Colorado Health Care System,2.0204110330243573e-05
William Harvey Research Institute,2.0204110330243573e-05
Lundbeck Foundation,2.0204110330243573e-05
Division of Cancer Epidemiology and Genetics,2.0204110330243573e-05
Université Laval,2.0204110330243573e-05
University Medical Centre Mannheim,2.0204110330243573e-05
Isfahan University of Medical Sciences,2.0204110330243573e-05
University of Surrey,2.0204110330243573e-05
Statens Serum Institut,2.0204110330243573e-05
Queen's University Belfast,2.0204110330243573e-05
SIB Swiss Institute of Bioinformatics,2.0204110330243573e-05
Eurac Research,2.0204110330243573e-05
University Medical Center Groningen,2.0204110330243573e-05
Nanjing University of Chinese Medicine,2.0204110330243573e-05
RTI International,2.0204110330243573e-05
UCLA Medical Center,2.0204110330243573e-05
John Radcliffe Hospital,2.0204110330243573e-05
Edinburgh Cancer Research,2.0204110330243573e-05
IRCCS Materno Infantile Burlo Garofolo,2.0204110330243573e-05
Universität Innsbruck,2.0204110330243573e-05
QIMR Berghofer Medical Research Institute,2.0204110330243573e-05
University of Exeter,2.0204110330243573e-05
Glenfield Hospital,2.0204110330243573e-05
University Hospital Heidelberg,2.0204110330243573e-05
Steno Diabetes Center,2.0204110330243573e-05
Innsbruck Medical University,2.0204110330243573e-05
University of Sassari,2.0204110330243573e-05
Mental Health Services,2.0204110330243573e-05
UC San Diego Health System,1.8427246002760028e-05
KPR Institute of Engineering and Technology,1.8083773928373915e-05
Xiamen University Malaysia,1.8083773928373915e-05
Dalhousie University,1.8083773928373915e-05
SRM Institute of Science and Technology,1.8083773928373915e-05
Wenzhou University,1.8083773928373915e-05
University of Nottingham Malaysia Campus,1.8083773928373915e-05
Hydro-Québec,1.8083773928373915e-05
National Institute of Mental Health and Neurosciences,1.3456678995358985e-05
Wellcome Trust,1.3456678995358985e-05
Freie Universität Berlin,1.3456678995358985e-05
Penn Center for AIDS Research,1.3456678995358985e-05
Cuban Neuroscience Center,1.3456678995358985e-05
VA San Diego Healthcare System,1.3456678995358985e-05
Universidade Federal de São Paulo,1.3456678995358985e-05
Douglas Mental Health University Institute,1.3456678995358985e-05
MRC Cognition and Brain Sciences Unit,1.3456678995358985e-05
Great Ormond Street Hospital,1.3456678995358985e-05
Physiopathologie et imagerie des troubles neurologiques,1.3456678995358985e-05
Lifespan,1.3456678995358985e-05
Max Planck Institute for Human Cognitive and Brain Sciences,1.3456678995358985e-05
Center for Translational Research in Neuroimaging and Data Science,1.3456678995358985e-05
Cambridgeshire and Peterborough NHS Foundation Trust,1.3456678995358985e-05
Shanghai Center for Brain Science and Brain-Inspired Technology,1.3456678995358985e-05
Cyceron,1.3456678995358985e-05
Université de Caen Normandie,1.3456678995358985e-05
MRC Centre for Reproductive Health,1.3456678995358985e-05
Seoul National University,1.3456678995358985e-05
Montreal Neurological Institute and Hospital,1.3456678995358985e-05
Wellcome/MRC Institute of Metabolic Science,1.3456678995358985e-05
Prostate Cancer Research,1.3456678995358985e-05
MIND Research Institute,1.3456678995358985e-05
Institut des Maladies Neurodégénératives,1.3456678995358985e-05
Shanghai Institute for Science of Science,1.3456678995358985e-05
Singapore Institute for Clinical Sciences,1.3456678995358985e-05
GLA University,1.3043938514300477e-05
University of Talca,1.3043938514300477e-05
UK Astronomy Technology Centre,1.2613981647053128e-05
Universidade Estadual Paulista (Unesp),1.2613981647053128e-05
Institute for Physics,1.2613981647053128e-05
Perimeter Institute,1.2613981647053128e-05
Universidade Estadual de Campinas (UNICAMP),1.2613981647053128e-05
SLAC National Accelerator Laboratory,1.2613981647053128e-05
Universidad de La Laguna,1.2613981647053128e-05
Lowell Observatory,1.2613981647053128e-05
University of Oslo,1.2613981647053128e-05
Institute of Space Sciences,1.2613981647053128e-05
Jet Propulsion Laboratory,1.2613981647053128e-05
University of Hawaii System,1.2613981647053128e-05
Australian National University,1.2613981647053128e-05
Université Paris Sciences et Lettres,1.2613981647053128e-05
National Observatory,1.2613981647053128e-05
Australian Astronomical Observatory,1.2613981647053128e-05
École Normale Supérieure - PSL,1.2613981647053128e-05
Valongo Observatory,1.2613981647053128e-05
Institute of Astrophysics and Space Sciences,1.2613981647053128e-05
Institut d'Estudis Espacials de Catalunya,1.2613981647053128e-05
Kavli Institute for Particle Astrophysics and Cosmology,1.2613981647053128e-05
Center for Astrophysics Harvard & Smithsonian,1.2613981647053128e-05
Cerro Tololo Inter-American Observatory,1.2613981647053128e-05
Instituto de Astrofísica de Canarias,1.2613981647053128e-05
National Center for Supercomputing Applications,1.2613981647053128e-05
Macquarie University,1.2613981647053128e-05
Institute for Fundamental Physics of the Universe,1.2613981647053128e-05
Laboratório Interinstitucional de e-Astronomia,1.2613981647053128e-05
"Centro de Investigaciones Energéticas, Medioambientales y Tecnológicas",1.2613981647053128e-05
Trieste Astronomical Observatory,1.2613981647053128e-05
Technical University of Munich,1.2108102481057467e-05
Geisinger Health System,1.2108102481057467e-05
VA Maryland Health Care System,1.2108102481057467e-05
Iwate Medical University,1.2108102481057467e-05
"University of Maryland, Baltimore",1.2108102481057467e-05
Oslo University Hospital,1.2108102481057467e-05
Los Angeles County Department of Public Health,1.2108102481057467e-05
Tokyo Medical University,1.2108102481057467e-05
German Center for Neurodegenerative Diseases,1.2108102481057467e-05
East Carolina University,1.2108102481057467e-05
Korea University Medical Center,1.2108102481057467e-05
Helsinki University Hospital,1.2108102481057467e-05
German Centre for Cardiovascular Research,1.2108102481057467e-05
Icelandic Heart Association,1.2108102481057467e-05
Institut d'Investigació en Ciències de la Salut Germans Trias i Pujol,1.2108102481057467e-05
University Medical Center Utrecht,1.2108102481057467e-05
Data Tecnica International (United States),1.2108102481057467e-05
University of Cincinnati Medical Center,1.2108102481057467e-05
Rajendra Institute of Medical Sciences,1.2108102481057467e-05
Thrombolysis in Myocardial Infarction Study Group,1.2108102481057467e-05
Thrombosis and Atherosclerosis Research Institute,1.2108102481057467e-05
Universidade da Região de Joinville,1.2108102481057467e-05
Bordeaux Population Health,1.2108102481057467e-05
British Heart Foundation,1.2108102481057467e-05
Centre Hospitalier Universitaire de Lille,1.2108102481057467e-05
Tohoku Medical Megabank Organization,1.2108102481057467e-05
Universidad de Zaragoza,1.180693956100925e-05
York University,1.180693956100925e-05
National Institute of Technology Tiruchirappalli,1.180693956100925e-05
University of Sheffield,1.180693956100925e-05
Bournemouth University,1.180693956100925e-05
"University of Nevada, Las Vegas",1.180693956100925e-05
Adam Smith Institute,1.180693956100925e-05
Grand Valley State University,1.180693956100925e-05
Grady Memorial Hospital,1.180693956100925e-05
Mayo Clinic in Florida,1.1757707614576214e-05
Sri Venkateshwaraa Medical College Hospital and Research Centre,1.1757707614576214e-05
Humanity & Health,1.1757707614576214e-05
Kyorin University,1.1757707614576214e-05
Ulsan College,1.1757707614576214e-05
Russian Cancer Research Center NN Blokhin,1.1757707614576214e-05
Russian Railways,1.1757707614576214e-05
University of Ulsan,1.1757707614576214e-05
Asan Medical Center,1.1757707614576214e-05
Clinica Universidad de Navarra,1.1757707614576214e-05
Humanitas University,1.1757707614576214e-05
Montpellier Business School,1.124540044545094e-05
Fundação Getulio Vargas,1.124540044545094e-05
University of Limerick,1.124540044545094e-05
Indian Institute of Management Shillong,1.124540044545094e-05
"Laboratoire en Innovation, Technologies, Economie et Management",1.124540044545094e-05
Al-Ahliyya Amman University,1.124540044545094e-05
International University of Rabat,1.124540044545094e-05
IPAG Business School,1.124540044545094e-05
University of North Carolina at Greensboro,1.124540044545094e-05
Korea University,1.124540044545094e-05
École Supérieure de Commerce de Toulouse,1.124540044545094e-05
Nanchang Institute of Technology,1.124540044545094e-05
Liverpool College,1.124540044545094e-05
Escola de Administração de Empresas de São Paulo,1.124540044545094e-05
Central University of Kashmir,1.0992759406909143e-05
SVS Medical College,1.0992759406909143e-05
Qatar Airways (Qatar),1.0992759406909143e-05
DR. B.R.A. Institute Rotary Cancer Hospital,1.0992759406909143e-05
Islamic University of Science and Technology,1.0992759406909143e-05
University of Nebraska Medical Center,1.0992759406909143e-05
National University of General San Martín,9.906496041163113e-06
Universitat de València,9.906496041163113e-06
Forschungszentrum Jülich,9.906496041163113e-06
High Energy Accelerator Research Organization,9.906496041163113e-06
University of Louisville,9.906496041163113e-06
Stony Brook University,9.906496041163113e-06
European Organization for Nuclear Research,9.906496041163113e-06
Siberian Branch of the Russian Academy of Sciences,9.906496041163113e-06
Institut National de Physique Nucléaire et de Physique des Particules,9.906496041163113e-06
Laboratoire de Physique des 2 Infinis Irène Joliot-Curie,9.906496041163113e-06
"Istituto Nazionale di Fisica Nucleare, Sezione di Milano Bicocca",9.906496041163113e-06
"Istituto Nazionale di Fisica Nucleare, Sezione di Padova",9.906496041163113e-06
Instituto de Física Corpuscular,9.906496041163113e-06
Sapienza University of Rome,9.906496041163113e-06
University of Zurich,9.906496041163113e-06
Novosibirsk State University,9.906496041163113e-06
Syracuse University,9.906496041163113e-06
Tokyo Metropolitan University,9.906496041163113e-06
Heidelberg Institute for Theoretical Studies,9.906496041163113e-06
Institut des Hautes Études Scientifiques,9.906496041163113e-06
Michigan State University,9.906496041163113e-06
University of Oklahoma,9.906496041163113e-06
CEA LIST,9.906496041163113e-06
Jožef Stefan Institute,9.906496041163113e-06
Thomas Jefferson National Accelerator Facility,9.906496041163113e-06
Brookhaven National Laboratory,9.906496041163113e-06
University of Colorado Boulder,9.906496041163113e-06
University of Basel,9.906496041163113e-06
Royal Holloway University of London,9.906496041163113e-06
National Institute for Subatomic Physics,9.906496041163113e-06
"Istituto Nazionale di Fisica Nucleare, Sezione di Roma I",9.906496041163113e-06
Budker Institute of Nuclear Physics,9.906496041163113e-06
Kurchatov Institute,9.906496041163113e-06
"Istituto Nazionale di Fisica Nucleare, Laboratori Nazionali del Gran Sasso",9.906496041163113e-06
Deutsches Elektronen-Synchrotron DESY,9.906496041163113e-06
International Center for Advanced Studies,9.906496041163113e-06
"Istituto Nazionale di Fisica Nucleare, Laboratori Nazionali di Frascati",9.906496041163113e-06
Stefan Meyer Institute for Subatomic Physics,9.906496041163113e-06
"Istituto Nazionale di Fisica Nucleare, Sezione di Napoli",9.906496041163113e-06
University of Bonn,9.906496041163113e-06
State University of New York,9.906496041163113e-06
Tufts University,9.906496041163113e-06
Obayashi (Japan),9.906496041163113e-06
University of Rome Tor Vergata,9.906496041163113e-06
Florida State University,9.906496041163113e-06
"Rutgers, The State University of New Jersey",9.906496041163113e-06
Kettering University,9.875060611182315e-06
Smilow Cancer Hospital,8.419882345202755e-06
Cancer Research Center,8.12782080109436e-06
National Marrow Donor Program,6.687439852528028e-06
Duke Medical Center,6.687439852528028e-06
The Barbara Ann Karmanos Cancer Institute,6.687439852528028e-06
Medical University of South Carolina,6.687439852528028e-06
SUNY Upstate Medical University,6.687439852528028e-06
Cape Cod Hospital,6.687439852528028e-06
Eastern Maine Medical Center,6.687439852528028e-06
Atrium Health Wake Forest Baptist,6.687439852528028e-06
UPMC Hillman Cancer Center,6.687439852528028e-06
University of Pittsburgh Medical Center,6.687439852528028e-06
Cape Town HVTN Immunology Laboratory / Hutchinson Centre Research Institute of South Africa,5.057377428700499e-06
Mackay Base Hospital,3.2950264348340583e-06
Manchester Academic Health Science Centre,3.2950264348340583e-06
Tel Aviv Sourasky Medical Center,3.2950264348340583e-06
La Trobe University,3.2950264348340583e-06
British Geriatrics Society,3.2950264348340583e-06
McGill University Health Centre,3.2950264348340583e-06
Vancouver Coastal Health Research Institute,3.2950264348340583e-06
Jacobs (United States),3.2950264348340583e-06
Albert Einstein College of Medicine,3.2950264348340583e-06
St. Michael's Hospital,3.2950264348340583e-06
St. James's Hospital,3.2950264348340583e-06
VA Greater Los Angeles Healthcare System,3.2950264348340583e-06
Universidade Cidade de São Paulo,3.2950264348340583e-06
VA Western New York Healthcare System,3.2950264348340583e-06
Manchester University NHS Foundation Trust,3.2950264348340583e-06
Hospital Italiano de Buenos Aires,3.2950264348340583e-06
Institute for Musculoskeletal Health,3.2950264348340583e-06
National Center for Chronic and Noncommunicable Disease Control and Prevention,3.2950264348340583e-06
Tecnológico de Monterrey,3.2950264348340583e-06
Hasselt University,3.2950264348340583e-06
Neuroscience Research Australia,3.2950264348340583e-06
"University at Buffalo, State University of New York",3.2950264348340583e-06
VA Ann Arbor Healthcare System,3.2950264348340583e-06
Parkwood Institute,3.2950264348340583e-06
Vancouver Coastal Health,3.2950264348340583e-06
Lawson Health Research Institute,3.2950264348340583e-06
Australian Institute for Musculoskeletal Science,3.2950264348340583e-06
Western Health,3.2950264348340583e-06
Sydney Local Health District,3.2950264348340583e-06
Women and Children’s Health Research Institute,3.2950264348340583e-06
Melbourne Health,3.2950264348340583e-06
GGD Amsterdam,3.2950264348340583e-06
Flinders University,3.2950264348340583e-06
Glasgow Caledonian University,3.2950264348340583e-06
Northern Sydney Local Health District,3.2950264348340583e-06
Hebrew SeniorLife,3.2950264348340583e-06
University of Kentucky,3.171635067543503e-06
Curtin University Sarawak,3.171635067543503e-06
North Eastern Regional Institute of Science and Technology,3.171635067543503e-06
University B.D.T College of Engineering,3.171635067543503e-06
Palo Alto Institute,2.9438583774933653e-06
Laboratoire d'Écologie Alpine,2.9438583774933653e-06
Ashoka Trust for Research in Ecology and the Environment,2.9438583774933653e-06
Water and Land Resource Centre,2.9438583774933653e-06
Institute of Geographic Sciences and Natural Resources Research,2.9438583774933653e-06
Arizona State University,2.9438583774933653e-06
Université Savoie Mont Blanc,2.9438583774933653e-06
National University of San Luis,2.9438583774933653e-06
Swiss Academy of Sciences,2.9438583774933653e-06
Instituto Multidisciplinario de Biología Vegetal,2.9438583774933653e-06
University of Twente,2.9438583774933653e-06
UCLouvain,2.9438583774933653e-06
BOKU University,2.9438583774933653e-06
Colorado State University,2.9438583774933653e-06
Université Grenoble Alpes,2.9438583774933653e-06
National Institute for Space Research,2.9438583774933653e-06
University of Waterloo,2.9438583774933653e-06
Azim Premji University,2.9438583774933653e-06
US Forest Service,2.9438583774933653e-06
Clark University,2.9438583774933653e-06
Indian Space Research Organisation,2.9438583774933653e-06
Ministry for the Environment,2.9438583774933653e-06
Ikerbasque,2.9438583774933653e-06
National University of Tucumán,2.9438583774933653e-06
Environmental Defense Fund,2.9438583774933653e-06
University of Hohenheim,2.9438583774933653e-06
Basque Centre for Climate Change,2.9438583774933653e-06
Hokkaido University,2.9438583774933653e-06
Indian Institute of Science Education and Research Pune,2.9438583774933653e-06
Fund for Scientific Research,2.9438583774933653e-06
Universidad Nacional de Córdoba,2.9438583774933653e-06
James Hutton Institute,2.9438583774933653e-06
UCLA Jonsson Comprehensive Cancer Center,2.7479403019181134e-06
UC Davis Comprehensive Cancer Center,2.7479403019181134e-06
Technological Institute for Superhard and Novel Carbon Materials,2.745723464448995e-06
Groupe de Physique des Matériaux,2.745723464448995e-06
University of Miskolc,2.745723464448995e-06
Kyushu Institute of Technology,2.745723464448995e-06
University of Münster,2.745723464448995e-06
Materials Science & Engineering,2.745723464448995e-06
"Czech Academy of Sciences, Institute of Physics of Materials",2.745723464448995e-06
Laboratoire d'Étude des Microstructures et de Mécanique des Matériaux,2.745723464448995e-06
Erich Schmid Institute of Materials Science,2.745723464448995e-06
Donetsk Institute for Physics and Engineering named after O.O. Galkin,2.745723464448995e-06
Ibaraki University,2.745723464448995e-06
Toyota Central Research and Development Laboratories (Japan),2.745723464448995e-06
Université du Québec à Trois-Rivières,2.745723464448995e-06
Université de Rouen Normandie,2.745723464448995e-06
M.N. Mikheev Institute of Metal Physics,2.745723464448995e-06
Institute of Solid State Physics,2.745723464448995e-06
Ames National Laboratory,2.745723464448995e-06
Cracow University of Technology,2.745723464448995e-06
Universidade Federal de São Carlos,2.745723464448995e-06
Montanuniversität Leoben,2.745723464448995e-06
Nagoya Institute of Technology,2.745723464448995e-06
Kyushu Sangyo University,2.745723464448995e-06
Saga University,2.745723464448995e-06
Iowa State University,2.745723464448995e-06
Karadeniz Technical University,2.745723464448995e-06
National Academy of Sciences of Ukraine,2.745723464448995e-06
Doshisha University,2.745723464448995e-06
Université de Lorraine,2.745723464448995e-06
Institut National des Sciences Appliquées Rouen Normandie,2.745723464448995e-06
Ufa State Aviation Technical University,2.745723464448995e-06
Universidade Federal de Minas Gerais,2.745723464448995e-06
Kunming University of Science and Technology,2.745723464448995e-06
Eötvös Loránd University,2.745723464448995e-06
Karlsruhe Institute of Technology,2.745723464448995e-06
University of Connecticut,2.717390963976264e-06
Rutgers Cancer Institute of New Jersey,2.717390963976264e-06
Pacific Biosciences (United States),2.717390963976264e-06
National Center for Biotechnology Information,2.717390963976264e-06
Institute for Systems Biology,2.717390963976264e-06
Max Planck Institute of Molecular Cell Biology and Genetics,2.717390963976264e-06
Sirius University of Science and Technology,2.717390963976264e-06
Cancer Institute of Florida,2.717390963976264e-06
Vavilov Institute of General Genetics,2.717390963976264e-06
Cancer Genetics (United States),2.717390963976264e-06
Rockefeller University,2.717390963976264e-06
Lomonosov Moscow State University,2.717390963976264e-06
Stowers Institute for Medical Research,2.717390963976264e-06
Russian Academy of Sciences,2.717390963976264e-06
Seattle Children's Hospital,2.717390963976264e-06
James S. McDonnell Foundation,2.717390963976264e-06
National Institute of Standards and Technology,2.717390963976264e-06
DNAnexus (United States),2.717390963976264e-06
Chan Zuckerberg Initiative (United States),2.717390963976264e-06
University of Massachusetts Chan Medical School,2.717390963976264e-06
University of Kansas,2.717390963976264e-06
Howard Hughes Medical Institute,2.717390963976264e-06
Seattle Cancer Care Alliance,2.3046900494932132e-06
Kinderkrankenhaus auf der Bult,2.0598614808887425e-06
Velocity Clinical Research (United States),2.0598614808887425e-06
MultiMedica,2.0598614808887425e-06
Hospital Nossa Senhora das Graças,2.0598614808887425e-06
Stanford Medicine,2.0598614808887425e-06
National Institute of Diabetes and Digestive and Kidney Diseases,2.0598614808887425e-06
Grady Health System,2.0598614808887425e-06
Diabetes Care & Hormone Clinic,2.0598614808887425e-06
Park Nicollet Clinic,2.0598614808887425e-06
Jikei University School of Medicine,2.0598614808887425e-06
University of Pisa,2.0598614808887425e-06
Close Concerns (United States),2.0598614808887425e-06
Joslin Diabetes Center,2.0598614808887425e-06
American Diabetes Association,2.0598614808887425e-06
Jaeb Center for Health Research,2.0598614808887425e-06
Jewish General Hospital,2.0598614808887425e-06
Instituto de Salud Carlos III,2.0598614808887425e-06
Ljubljana University Medical Centre,2.0598614808887425e-06
Schneider Children's Medical Center,2.0598614808887425e-06
Breakthrough T1D,2.0598614808887425e-06
Friedrich-Loeffler-Institut,2.054027264325844e-06
"Maladies Infectieuses et Vecteurs: Écologie, Génétique, Évolution et Contrôle",2.054027264325844e-06
Chinese Center For Disease Control and Prevention,2.054027264325844e-06
Federal Service for Surveillance on Consumer Rights Protection and Human Wellbeing,2.054027264325844e-06
ARK Foundation,2.054027264325844e-06
Ministry of Public Health,2.054027264325844e-06
Université Kofi Annan de Guinée,2.054027264325844e-06
International Development Research Centre,2.054027264325844e-06
Chatham House,2.054027264325844e-06
Ministerio de Salud,2.054027264325844e-06
University of La Salle,2.054027264325844e-06
Kasetsart University,2.054027264325844e-06
Indian Institute of Technology Kanpur,2.054027264325844e-06
Mississippi State University,2.054027264325844e-06
Massey University,2.054027264325844e-06
Erasmus University Rotterdam,2.054027264325844e-06
Janssen (Belgium),1.5534303650669933e-06
National Institute for Health Research,1.5534303650669933e-06
Karolinska University Hospital,1.5534303650669933e-06
University College London Hospitals NHS Foundation Trust,1.5534303650669933e-06
Spanish National Cancer Research Centre,1.5534303650669933e-06
Institute of Cancer Research,1.5534303650669933e-06
Janssen (United States),1.5534303650669933e-06
Navarre Institute of Health Research,1.5534303650669933e-06
Centro de Investigación del Cáncer,1.5534303650669933e-06
Janssen (Switzerland),1.5534303650669933e-06
Instituto de Investigación Biomédica de Salamanca,1.5534303650669933e-06
Centre Hospitalier Universitaire de Tours,1.5534303650669933e-06
Institut Català d'Oncologia,1.5534303650669933e-06
Centro de Investigación Biomédica en Red de Cáncer,1.5534303650669933e-06
Biomedical Research Institute,1.5534303650669933e-06
City Of Hope National Medical Center,1.498662546210001e-06
University of Wisconsin Carbone Cancer Center,1.498662546210001e-06
University Hospitals Seidman Cancer Center,1.498662546210001e-06
Jewish Hospital,1.498662546210001e-06
Duke Cancer Institute,1.498662546210001e-06
National Comprehensive Cancer Network,1.498662546210001e-06
Barnes-Jewish Hospital,1.498662546210001e-06
O'Neal Comprehensive Cancer Center,1.498662546210001e-06
Fred and Pamela Buffett Cancer Center,1.498662546210001e-06
The Ohio State University Comprehensive Cancer Center – Arthur G. James Cancer Hospital and Richard J. Solove Research Institute,1.498662546210001e-06
University of Colorado Cancer Center,1.498662546210001e-06
Stanford Cancer Institute,1.498662546210001e-06
Robert H. Lurie Comprehensive Cancer Center of Northwestern University,1.498662546210001e-06
Sidney Kimmel Comprehensive Cancer Center,1.498662546210001e-06
Moores Cancer Center,1.498662546210001e-06
Huntsman Cancer Institute,1.498662546210001e-06
Hospital Universitario La Paz,1.477546338284098e-06
New York Hospital Queens,1.477546338284098e-06
Cedars-Sinai Smidt Heart Institute,1.477546338284098e-06
Azienda USL di Bologna,1.477546338284098e-06
Sooriya Hospital,1.477546338284098e-06
Long Island University,1.477546338284098e-06
Hospital das Clínicas da Faculdade de Medicina da Universidade de São Paulo,1.477546338284098e-06
Incheon Medical Center,1.477546338284098e-06
Keimyung University,1.477546338284098e-06
University of Insubria,1.477546338284098e-06
West Virginia University Hospitals,1.477546338284098e-06
Harefield Hospital,1.477546338284098e-06
Ruhr University Bochum,1.477546338284098e-06
Stollery Children's Hospital,1.477546338284098e-06
Children's Hospital Colorado,1.477546338284098e-06
St Vincent's Hospital,1.477546338284098e-06
Corewell Health Blodgett Hospital,1.477546338284098e-06
University Hospitals Birmingham NHS Foundation Trust,1.477546338284098e-06
NewYork–Presbyterian Hospital,1.477546338284098e-06
Heart and Diabetes Center North Rhine-Westphalia,1.477546338284098e-06
Sheba Medical Center,1.477546338284098e-06
California Pacific Medical Center,1.477546338284098e-06
University Hospital of Bern,1.4176943965598714e-06
Royal Marsden NHS Foundation Trust,1.4176943965598714e-06
Vienna General Hospital,1.4176943965598714e-06
Azienda Ospedaliero-Universitaria Careggi,1.4176943965598714e-06
Royal North Shore Hospital,1.4176943965598714e-06
Infectious Diseases Institute,1.4154102236575694e-06
Oxford University Hospitals NHS Trust,1.4154102236575694e-06
Magna Graecia University,1.4154102236575694e-06
Maharaja Sayajirao University of Baroda,1.4154102236575694e-06
BRAC University,1.4154102236575694e-06
Alexandria University,1.4154102236575694e-06
Istituto Superiore di Sanità,1.4154102236575694e-06
Sri Venkateswara Veterinary University,1.4154102236575694e-06
Université Toulouse III - Paul Sabatier,1.4154102236575694e-06
Sumy State University,1.4154102236575694e-06
Lebanese University,1.4154102236575694e-06
World Health Organization - Zimbabwe,1.3440759542107606e-06
National Cancer Institute of Sri Lanka,1.3440759542107606e-06
Uganda Cancer Institute,1.3440759542107606e-06
B.P. Koirala Memorial Cancer Hospital,1.3440759542107606e-06
Hacettepe University,1.3440759542107606e-06
AC Camargo Hospital,1.3440759542107606e-06
Princess Margaret Cancer Centre,1.3440759542107606e-06
Korle Bu Teaching Hospital,1.3440759542107606e-06
University of Oradea,1.192316921723864e-06
Bangabandhu Sheikh Mujibur Rahman Science and Technology University,1.192316921723864e-06
Misr University for Science and Technology,1.192316921723864e-06
The Christie NHS Foundation Trust,1.1293174446167174e-06
Akita University Hospital,1.1293174446167174e-06
Centre Oscar Lambret,1.1293174446167174e-06
Keio University,1.1293174446167174e-06
Sun Yat-sen University,1.1293174446167174e-06
CRUK Lung Cancer Centre of Excellence,1.1293174446167174e-06
Institut de Recherche en Cancérologie de Montpellier,1.1293174446167174e-06
Centrum Onkologii,1.1293174446167174e-06
I-Shou University,1.1293174446167174e-06
Kanagawa Cancer Center,1.1293174446167174e-06
Toranomon Hospital,1.1293174446167174e-06
E-Da Hospital,1.1293174446167174e-06
National Cancer Center,1.1293174446167174e-06
Instituto do Câncer do Estado de São Paulo,1.1293174446167174e-06
"The First Affiliated Hospital, Sun Yat-sen University",1.1293174446167174e-06
Zhongshan Hospital,1.1293174446167174e-06
Hospital Provincial de Rosario,1.1293174446167174e-06
Sutton Hospital,1.1293174446167174e-06
Bristol-Myers Squibb (United States),1.1293174446167174e-06
Chinese PLA General Hospital,1.1293174446167174e-06
Kanagawa Prefectural Hospital Organization,1.1293174446167174e-06
National Institute of Infectious Diseases,1.082418185359937e-06
Cambridge University Hospitals NHS Foundation Trust,1.082418185359937e-06
MRC Laboratory of Molecular Biology,1.082418185359937e-06
University of Miyazaki,1.082418185359937e-06
National Institute of Genetics,1.082418185359937e-06
Addenbrooke's Hospital,1.082418185359937e-06
Saiseikai Utsunomiya hospital,1.082418185359937e-06
International Islamic University Chittagong,1.0635172542536935e-06
University of Mumbai,1.0635172542536935e-06
"University of Chemistry and Technology, Prague",1.0510052865565914e-06
Moorfields Eye Hospital,1.048892296378411e-06
Sankara Nethralaya,1.048892296378411e-06
Sinai Hospital,1.048892296378411e-06
Tata Medical Center,1.0121366305050884e-06
North Florida/South Georgia Veterans Health System,1.0121366305050884e-06
Centro Universitário de João Pessoa,1.0121366305050884e-06
Zentrum für Pathologie und Zytodiagnostik,1.0121366305050884e-06
Hexcel (United States),1.0121366305050884e-06
Preferred Networks (Japan),1.0121366305050884e-06
Beihang University,1.0121366305050884e-06
University of Otago,1.0121366305050884e-06
Centre Hospitalier de Mulhouse,1.0121366305050884e-06
Southeast University,1.0121366305050884e-06
Hospital San Juan de Dios,1.0121366305050884e-06
The Netherlands Cancer Institute,1.0121366305050884e-06
Computational Diagnostics (United States),1.0121366305050884e-06
Groupe Hospitalier de la Région de Mulhouse et Sud Alsace,1.0121366305050884e-06
Instituto do Sono,1.0121366305050884e-06
NEC (Japan),1.0121366305050884e-06
Tufts Medical Center,1.0121366305050884e-06
Toshiba (Japan),1.0121366305050884e-06
University Health Network,1.0121366305050884e-06
Thales (Netherlands),1.0121366305050884e-06
Comcast (United States),1.0121366305050884e-06
Universidade Presbiteriana Mackenzie,1.0121366305050884e-06
Janelia Research Campus,1.0121366305050884e-06
Aichi Medical University,1.0121366305050884e-06
Elekta (Switzerland),1.0121366305050884e-06
United Institute of Informatics Problems,1.0121366305050884e-06
Japan Broadcasting Corporation (Japan),1.0121366305050884e-06
Research Organization for Information Science and Technology,1.0121366305050884e-06
Instituto de Ensino e Pesquisa Santa Casa,1.0121366305050884e-06
Numerica Corporation (United States),1.0121366305050884e-06
Linköping University,1.0121366305050884e-06
Tampere University,1.0121366305050884e-06
Breast Cancer Research Foundation,1.0099253940872491e-06
Vanderbilt-Ingram Cancer Center,1.0099253940872491e-06
Susan Thompson Buffett Foundation,1.0099253940872491e-06
K S Hegde Medical Academy,9.954099319676135e-07
American University of Antigua,9.954099319676135e-07
University of Bío-Bío,9.450859874672689e-07
California Academy of Sciences,9.450859874672689e-07
Zoological Institute,9.450859874672689e-07
University of Concepción,9.450859874672689e-07
NatureServe,9.450859874672689e-07
University of Zulia,9.450859874672689e-07
International Union for Conservation of Nature,9.450859874672689e-07
Université Sorbonne Paris Nord,9.450859874672689e-07
Department of Conservation,9.450859874672689e-07
Centro Científico Tecnológico Patagónico,9.450859874672689e-07
Leibniz Institute for the Analysis of Biodiversity Change,9.450859874672689e-07
South African National Biodiversity Institute,9.450859874672689e-07
Charles Darwin University,9.450859874672689e-07
Okayama University of Science,9.450859874672689e-07
Australian Museum,9.450859874672689e-07
Zoological Society of San Diego,9.450859874672689e-07
Conservation International,9.450859874672689e-07
North Carolina Museum of Natural Sciences,9.450859874672689e-07
Museum für Naturkunde,9.450859874672689e-07
Temple University,9.450859874672689e-07
Bandung Institute of Technology,9.450859874672689e-07
Zoological Research Museum Alexander Koenig,9.450859874672689e-07
Bernice P. Bishop Museum,9.450859874672689e-07
Universidade de Brasília,9.450859874672689e-07
Zoo Outreach Organisation,9.450859874672689e-07
Harold C. Simmons Comprehensive Cancer Center,8.3338933722343e-07
Dana-Farber Brigham Cancer Center,8.3338933722343e-07
Norwich Research Park,8.061458240739e-07
Universidad de Costa Rica,8.061458240739e-07
University of Florida,8.061458240739e-07
Sookmyung Women's University,8.061458240739e-07
LOEWE Centre for Translational Biodiversity Genomics,8.061458240739e-07
Oil Crops Research Institute,8.061458240739e-07
Ministry of Agriculture and Rural Affairs,8.061458240739e-07
Swiss Federal Institute of Aquatic Science and Technology,8.061458240739e-07
Netherlands Institute of Ecology,8.061458240739e-07
John Innes Centre,8.061458240739e-07
University of Szeged,8.061458240739e-07
Rothamsted Research,8.061458240739e-07
J. Craig Venter Institute,8.061458240739e-07
Scripps Research Institute,8.061458240739e-07
Universidade Federal do Rio de Janeiro,8.061458240739e-07
Leiden University,8.061458240739e-07
Scripps Institution of Oceanography,8.061458240739e-07
University of Strathclyde,8.061458240739e-07
University of Technology - Iraq,8.061458240739e-07
Sunchon National University,8.061458240739e-07
Carnegie Institution for Science,8.061458240739e-07
Joint Genome Institute,8.061458240739e-07
Consejo Superior de Investigaciones Científicas,8.061458240739e-07
Yenepoya University,8.061458240739e-07
Wageningen University & Research,8.061458240739e-07
Southern University of Science and Technology,8.061458240739e-07
University of Hong Kong,8.061458240739e-07
Tennessee State University,8.061458240739e-07
Universidad de Málaga,8.061458240739e-07
Shenzhen Bay Laboratory,8.061458240739e-07
Department of Embryology,8.061458240739e-07
Chinese Academy of Agricultural Sciences,8.061458240739e-07
"Instituto de Hortofruticultura Subtropical y Mediterránea ""La Mayora""",8.061458240739e-07
Westerdijk Fungal Biodiversity Institute,8.061458240739e-07
Indonesian Pediatric Society,8.061458240739e-07
Infant Foundation,7.974070631749797e-07
South African Medical Research Council,7.974070631749797e-07
Institute of Environmental Science and Research,7.974070631749797e-07
University of Split,7.974070631749797e-07
Jawaharlal Institute of Post Graduate Medical Education and Research,7.974070631749797e-07
Nagasaki University,7.974070631749797e-07
National Health Laboratory Service,7.974070631749797e-07
National Center for Disease Control and Public Health,7.974070631749797e-07
Manhiça Health Research Centre,7.974070631749797e-07
The Kids Research Institute Australia,7.974070631749797e-07
Hospital General de Niños Ricardo Gutierrez,7.974070631749797e-07
Research Institute of Influenza,7.974070631749797e-07
Fundación para el Fomento de la Investigación Sanitaria y Biomédica de la Comunitat Valenciana,7.974070631749797e-07
Noguchi Memorial Institute for Medical Research,7.974070631749797e-07
National Center for Communicable Diseases,7.974070631749797e-07
Hôpital de la Croix-Rousse,7.974070631749797e-07
Kenya Medical Research Institute,7.974070631749797e-07
Royal Children's Hospital,7.974070631749797e-07
University of Peradeniya,7.974070631749797e-07
Colorado School of Public Health,7.974070631749797e-07
Meditation De-Addiction Health AIDS Nutrition Trust,7.974070631749797e-07
Centro de Educación Médica e Investigaciones Clínicas Norberto Quirno,7.974070631749797e-07
KK Women's and Children's Hospital,7.974070631749797e-07
Dongguk University Ilsan Hospital,7.974070631749797e-07
Alaska Native Tribal Health Consortium,7.974070631749797e-07
GlaxoSmithKline (United States),7.974070631749797e-07
Centro Hospitalar Lisboa Norte,7.974070631749797e-07
Center for Global Health,7.974070631749797e-07
International Management Institute,7.835538008828934e-07
Athens University of Economics and Business,7.78138329287608e-07
United Nations,7.78138329287608e-07
Organisation de Coopération et de Développement Economiques,7.78138329287608e-07
Tsinghua University,7.78138329287608e-07
Robert Bosch (Germany),7.78138329287608e-07
Bibliotheca Alexandrina,7.78138329287608e-07
Kenya AIDS Vaccine Initiative,7.78138329287608e-07
Institut du Développement Durable et des Relations Internationales,7.78138329287608e-07
China-Japan Friendship Hospital,7.78138329287608e-07
UNESCO,7.78138329287608e-07
Royal Society of Tropical Medicine and Hygiene,7.78138329287608e-07
Burnet Institute,7.78138329287608e-07
Harvard Global Health Institute,7.78138329287608e-07
International Monetary Fund,7.78138329287608e-07
Roche (United Kingdom),7.584999274500829e-07
Ghent University Hospital,7.584999274500829e-07
Hebron University,7.584999274500829e-07
Allegheny Health Network,7.584999274500829e-07
Roche (Switzerland),7.584999274500829e-07
Universitair Ziekenhuis Brussel,7.584999274500829e-07
Groupe de Recherche sur les formes Injectables et les Technologies Associées,7.584999274500829e-07
Groupe de Recherches et d'Echanges Technologiques,7.584999274500829e-07
Centre National pour la Recherche Scientifique et Technique (CNRST),7.584999274500829e-07
Wroclaw Medical University,7.584999274500829e-07
DELL (United States),7.38912199510133e-07
Shenzhen Institutes of Advanced Technology,7.38912199510133e-07
University of Birmingham,7.38912199510133e-07
Walker (United States),7.38912199510133e-07
University of Waikato,7.38912199510133e-07
Indian Institute of Tropical Meteorology,7.38912199510133e-07
Innopolis University,7.38912199510133e-07
Tianjin University,7.38912199510133e-07
Machine Intelligence Research Labs,7.38912199510133e-07
TU Wien,7.38912199510133e-07
University of South Florida,7.319766895981718e-07
Université Clermont Auvergne,7.221686933197006e-07
European Molecular Biology Laboratory,7.221686933197006e-07
CEA Cadarache,7.221686933197006e-07
CEA Grenoble,7.221686933197006e-07
Simula Research Laboratory,7.221686933197006e-07
"Institut de Génétique, Environnement et Protection des Plantes",7.221686933197006e-07
University of Cincinnati,6.4305579948084e-07
University of Jyväskylä,6.4305579948084e-07
Tunis El Manar University,5.629795696628004e-07
Bahir Dar University,5.629795696628004e-07
Hemel Hempstead Hospital,5.629795696628004e-07
The Geneva Association,5.629795696628004e-07
South London and Maudsley NHS Foundation Trust,5.629795696628004e-07
Centre for Mental Health,5.629795696628004e-07
Peking University Sixth Hospital,5.629795696628004e-07
Guangzhou Medical University,5.629795696628004e-07
NLR Nepal,5.629795696628004e-07
Sierra Leone Urban Research Centre,5.629795696628004e-07
Haramaya University,5.629795696628004e-07
Schizophrenia Research Foundation,5.629795696628004e-07
Jiwaji University,5.581457108589636e-07
Autonomous University of Sinaloa,5.581457108589636e-07
Federal Institute of Hydrology,5.581457108589636e-07
Research Center for Eco-Environmental Sciences,5.581457108589636e-07
Laboratoire Chrono-Environnement,5.581457108589636e-07
Centre de Recherche et d’Enseignement de Géosciences de l’Environnement,5.581457108589636e-07
Istituto di Ricerche Chimiche e Biochimiche G. Ronzoni,5.581457108589636e-07
University of Algarve,5.581457108589636e-07
Aix-Marseille Université,5.581457108589636e-07
National Geophysical Research Institute,5.581457108589636e-07
Centre Hospitalier Universitaire de Besançon,5.581457108589636e-07
Universidad Nacional de Colombia,5.581457108589636e-07
Houston Institute for Clinical Research,4.839635960921447e-07
National University Heart Centre Singapore,4.839635960921447e-07
National University Hospital,4.839635960921447e-07
Asian Institute of Gastroenterology,4.839635960921447e-07
Nottingham City Hospital,4.839635960921447e-07
Virginia Commonwealth University,4.839635960921447e-07
Father Muller Medical College Hospital,4.57980231930537e-07
National Health Service,4.57980231930537e-07
University Hospital Southampton NHS Foundation Trust,4.57980231930537e-07
Max Healthcare,4.57980231930537e-07
"University of California, Irvine",4.5522638787229936e-07
Sarah Cannon,4.5522638787229936e-07
Mirati Therapeutics (United States),4.5522638787229936e-07
Mary Crowley Cancer Research Center,4.5522638787229936e-07
Virginia Cancer Specialists,4.5522638787229936e-07
Woodlands Hospital,4.5522638787229936e-07
Tennessee Oncology,4.5522638787229936e-07
Mayo Clinic Hospital,4.5522638787229936e-07
Hasanuddin University,4.161757183046416e-07
Mawlana Bhashani Science and Technology University,4.161757183046416e-07
University of Development Alternative,4.161757183046416e-07
Indian Veterinary Research Institute,4.161757183046416e-07
Chattogram Veterinary and Animal Sciences University,4.161757183046416e-07
Jahangirnagar University,4.161757183046416e-07
University of Chittagong,4.161757183046416e-07
National Institute of Technology Warangal,3.83942999054353e-07
West Bengal State University,3.83942999054353e-07
National Research Council,3.83942999054353e-07
Presidency University,3.83942999054353e-07
École Nationale Supérieure de Chimie de Montpellier,3.83942999054353e-07
Institute for Experimental Endocrinology and Oncology,3.83942999054353e-07
Jadavpur University,3.83942999054353e-07
Indian Institute of Chemical Technology,3.83942999054353e-07
Institut Européen des Membranes,3.83942999054353e-07
University of Allahabad,3.83942999054353e-07
Indraprastha Institute of Information Technology Delhi,3.83942999054353e-07
Kakatiya University,3.83942999054353e-07
Instituto de Productos Naturales y Agrobiología,3.83942999054353e-07
Christian Medical College,2.838575199312546e-07
Heart and Stroke Foundation,2.838575199312546e-07
Universität für Weiterbildung Krems,2.838575199312546e-07
Auckland University of Technology,2.838575199312546e-07
Universidade Federal do Rio Grande do Sul,2.838575199312546e-07
Christian Medical College & Hospital,2.838575199312546e-07
Skåne University Hospital,2.838575199312546e-07
Université de Sherbrooke,2.5620041760514735e-07
Universidade Federal de Pelotas,2.5620041760514735e-07
Ifakara Health Institute,2.5620041760514735e-07
Universidad Peruana Cayetano Heredia,2.5620041760514735e-07
Regional Medical Research Centre,2.5620041760514735e-07
The George Institute for Global Health,2.5620041760514735e-07
Region Zealand,2.5620041760514735e-07
"Dr. D. Y. Patil Medical College, Hospital and Research Centre",2.5092675957877606e-07
Städtisches Klinikum Dresden,2.5092675957877606e-07
Magadh University,2.153163065837499e-07
"Vietnam National University, Hanoi",2.153163065837499e-07
HHL Leipzig Graduate School of Management,2.0533529209577852e-07
Universidade de Santiago de Compostela,2.0533529209577852e-07
Rowan University,2.0533529209577852e-07
University of Beira Interior,2.0533529209577852e-07
University of Zagreb,2.0533529209577852e-07
University of Messina,2.0533529209577852e-07
Parthenope University of Naples,2.0533529209577852e-07
Lappeenranta-Lahti University of Technology,2.0533529209577852e-07
Ministry of Health,1.6674504154372108e-07
Aga Khan University,1.6674504154372108e-07
Liverpool School of Tropical Medicine,1.6674504154372108e-07
Voluntary Health Services Hospital,1.6674504154372108e-07
Fondation Congolaise Pour La Recherche Médicale,1.6674504154372108e-07
Energy Consulting Network (Denmark),1.6674504154372108e-07
Istituti Clinici Scientifici Maugeri,1.6674504154372108e-07
UCL Biomedical Research Centre,1.6674504154372108e-07
Méditerranée Infection Foundation,1.6674504154372108e-07
Indus Hospital,1.6674504154372108e-07
Champalimaud Foundation,1.6674504154372108e-07
Kenyatta University,1.6674504154372108e-07
Amsterdam Institute for Global Health and Development,1.6060940303215468e-07
Institut de Recherches Géologiques et Minières,1.6060940303215468e-07
Université Pédagogique Nationale,1.6060940303215468e-07
Central Midwest Water Science Center,1.6060940303215468e-07
National Technical University of Athens,1.6060940303215468e-07
Njala University,1.6060940303215468e-07
South China Normal University,1.6060940303215468e-07
Center for Marine and Oceanographic Research,1.6060940303215468e-07
Agricultural Biotechnology Research Institute of Iran,1.6060940303215468e-07
Ministry of Health and Social Welfare,1.6060940303215468e-07
Agricultural University of Tirana,1.6060940303215468e-07
Southern Leyte State University,1.6060940303215468e-07
Patuakhali Science and Technology University,1.6060940303215468e-07
United States Geological Survey,1.6060940303215468e-07
Smithsonian Tropical Research Institute,1.6060940303215468e-07
Universiti Putra Malaysia,1.6060940303215468e-07
Georgian Technical University,1.6060940303215468e-07
Universidad Andrés Bello,1.6060940303215468e-07
Université Joseph Ki-Zerbo,1.6060940303215468e-07
National University of Lesotho,1.6060940303215468e-07
University of Iceland,1.6060940303215468e-07
City University of Hong Kong,1.6060940303215468e-07
International University of Monaco,1.6060940303215468e-07
ECT Oekotoxikologie (Germany),1.6060940303215468e-07
Université d'Abomey-Calavi,1.6060940303215468e-07
Universidad Nacional del Centro del Perú,1.6060940303215468e-07
University of Gujrat,1.6060940303215468e-07
Universidad Nacional,1.6060940303215468e-07
Yerevan State University,1.6060940303215468e-07
Universidad del Valle,1.6060940303215468e-07
Nazarbayev University,1.6060940303215468e-07
Higher University of San Andrés,1.6060940303215468e-07
Universidad Mayor,1.6060940303215468e-07
Universidad de Santiago de Chile,1.6060940303215468e-07
L. N. Gumilyov Eurasian National University,1.6060940303215468e-07
Kingston University,1.6060940303215468e-07
Al-Quds University,1.6060940303215468e-07
Lagos State Polytechnic,1.6060940303215468e-07
Instituto Federal do Rio Grande do Norte,1.6060940303215468e-07
University of Minnesota System,1.5761325071527737e-07
META Health,1.5761325071527737e-07
"International Institute of Information Technology, Hyderabad",1.5761325071527737e-07
King Abdullah University of Science and Technology,1.5761325071527737e-07
University of Catania,1.5761325071527737e-07
Dartmouth Hospital,1.5761325071527737e-07
Carnegie Mellon University Africa,1.5761325071527737e-07
Moscow Institute of Thermal Technology,1.5761325071527737e-07
Berkeley College,1.5761325071527737e-07
California University of Pennsylvania,1.5761325071527737e-07
Banasthali University,1.5182183025469377e-07
Central Institute of Post-Harvest Engineering and Technology,1.5182183025469377e-07
Indian Agricultural Research Institute,1.5182183025469377e-07
Tea Research Association,1.5182183025469377e-07
National Research Centre for Integrated Pest Management,1.5182183025469377e-07
Universidad Politécnica de Puebla,1.5182183025469377e-07
Gurukul Kangri Vishwavidyalaya,1.5182183025469377e-07
Translational Health Science and Technology Institute,1.5182183025469377e-07
Ministry of Food Processing Industries,1.5182183025469377e-07
Baba Farid University of Health Sciences,1.5182183025469377e-07
University of Reading,1.0605465765431535e-07
University of Bologna,1.0605465765431535e-07
Indiana University Bloomington,9.091488308928356e-08
Nigerian Institute of Medical Research,9.091488308928356e-08
New York University,9.091488308928356e-08
München Klinik,9.091488308928356e-08
Instituto Nacional de Salud Pública,9.091488308928356e-08
World Resources Institute,9.091488308928356e-08
Health Effects Institute,9.091488308928356e-08
Boston College,9.091488308928356e-08
Alliance for Health Policy and Systems Research,9.091488308928356e-08
National Institute of Environmental Health Sciences,9.091488308928356e-08
Pure Earth,9.091488308928356e-08
Consortium of Universities for Global Health,9.091488308928356e-08
XinHua Hospital,9.091488308928356e-08
World Bank,9.091488308928356e-08
O. P. Jindal Global University,8.758377387971595e-08
Birzeit University,8.539954327893246e-08
University of New England,8.539954327893246e-08
University of Milano-Bicocca,8.539954327893246e-08
De Montfort University,8.539954327893246e-08
University of Santo Tomas,8.539954327893246e-08
Sokoine University of Agriculture,8.539954327893246e-08
Menoufia University,8.539954327893246e-08
University of Greenwich,8.539954327893246e-08
University of Salford,8.539954327893246e-08
Sultan Qaboos University,8.539954327893246e-08
Constantine the Philosopher University in Nitra,8.539954327893246e-08
Kyambogo University,8.539954327893246e-08
University of Bergen,8.539954327893246e-08
Obafemi Awolowo University,8.539954327893246e-08
Alexandru Ioan Cuza University,8.539954327893246e-08
Nagoya University of Commerce and Business,8.539954327893246e-08
Universidad Tecnológica de Bolívar,8.539954327893246e-08
Universidad de Jaén,8.539954327893246e-08
Universidad Católica del Norte,8.539954327893246e-08
Pontifical Catholic University of Rio de Janeiro,8.539954327893246e-08
Van Yüzüncü Yıl Üniversitesi,8.539954327893246e-08
Kuban State University,8.539954327893246e-08
University of Nigeria,8.539954327893246e-08
Bielefeld University,8.539954327893246e-08
Örebro University,8.539954327893246e-08
Darmstadt University of Applied Sciences,8.539954327893246e-08
Airlangga University,8.539954327893246e-08
Almaarefa University,3.503350955188638e-08
Alfaisal University,3.503350955188638e-08
Baba Ghulam Shah Badshah University,3.503350955188638e-08
Career Point University,3.503350955188638e-08
National Institute of Genetic Engineering and Biotechnology,3.336524719227274e-08
Sabzevar University of Medical Sciences,3.336524719227274e-08
University of Babylon,3.336524719227274e-08
Shahid Beheshti University of Medical Sciences,3.336524719227274e-08
Cihan University Sulaimaniya,3.336524719227274e-08
Chulabhorn Hospital,3.336524719227274e-08
Suez Canal University,3.336524719227274e-08
Cihan University-Erbil,3.336524719227274e-08
Al-Farahidi University,3.336524719227274e-08
Tyumen State Medical University,3.336524719227274e-08
University of Karbala,3.336524719227274e-08
Ministry of Higher Education and Scientific Research,3.336524719227274e-08
Al-Nisour University College,3.336524719227274e-08
University of Madras,3.336524719227274e-08
University of Mosul,3.336524719227274e-08
Alliance University,1.2975373908106066e-08
Mahidol University,1.2975373908106066e-08
University of Phayao,1.2975373908106066e-08
Qazvin University of Medical Sciences,1.2975373908106066e-08
St. Jude Children's Research Hospital,3.3848801499407127e-09
Nalanda University,0.0
Central University of Jammu,0.0
West Bengal University of Animal and Fishery Sciences,0.0
KTH Royal Institute of Technology,0.0
AIMST University,0.0
Mahsa University,0.0
Muscat College,0.0
University of Kuala Lumpur,0.0
University of Veterinary and Animal Sciences,0.0
Catholic University of Daegu,0.0
Siksha O Anusandhan University,0.0
Rama Devi Women's University,0.0
University of Calicut,0.0
Zimmerman Associates (United States),0.0
Bangladesh University of Textiles,0.0
Taiyuan University of Science and Technology,0.0
Bodoland University,0.0
North East Institute of Science and Technology,0.0
Central Institute of Technology Kokrajhar,0.0
Assam University,0.0
Florida Gulf Coast University,0.0
Gujarat Cancer Society,0.0
Central Leather Research Institute,0.0
Bar-Ilan University,0.0
Alma Mater Europaea,0.0
University of Maribor,0.0
Complexity Science Hub Vienna,0.0
China Medical University Hospital,0.0
Institute of Microbial Technology,0.0
Sher-e-Bangla Agricultural University,0.0
Persian Gulf University,0.0
Islamic Azad University of Shiraz,0.0
University of Minho,0.0
Indian Institute of Technology Bhubaneswar,0.0
Mansoura University,0.0
Luleå University of Technology,0.0
University for Business and Technology,0.0
University of Essex,0.0
University of Kent,0.0
University of Asia Pacific,0.0
Nova Southeastern University,0.0
Centre for Chronic Disease Control,0.0
Agenzia Regionale Parchi,0.0
Regione Lazio,0.0
London Metropolitan University,0.0
Qujing Normal University,0.0
Institute of Microbiology,0.0
Agroscope,0.0
French Community of Belgium,0.0
Vale Technological Institute,0.0
University of Warsaw,0.0
University of Silesia in Katowice,0.0
National Center for Genetic Engineering and Biotechnology,0.0
Zhongkai University of Agriculture and Engineering,0.0
Danderyds sjukhus,0.0
Agharkar Research Institute,0.0
West Pomeranian University of Technology,0.0
Ahi Evran University,0.0
Universidade Federal de Pernambuco,0.0
"Royal Botanic Gardens, Kew",0.0
Field Museum of Natural History,0.0
Swedish University of Agricultural Sciences,0.0
University of South Bohemia in České Budějovice,0.0
National Institute of Fundamental Studies,0.0
Mae Fah Luang University,0.0
Universidade Federal do Rio Grande do Norte,0.0
University of Gdańsk,0.0
Estación Experimental del Zaidín,0.0
H.S. Skovoroda Kharkiv National Pedagogical University,0.0
Institute for Research and Development,0.0
All-Russian Institute of Plant Protection,0.0
Texas A&M University at Galveston,0.0
Aligarh Muslim University,0.0
Carol Davila University of Medicine and Pharmacy,0.0
Guru Nanak Dev University,0.0
University of Medicine and Pharmacy of Craiova,0.0
Universidad del Azuay,0.0
G.B. Pant Institute of Himalayan Environment and Development,0.0
Tezpur University,0.0
Universidade Federal de Mato Grosso do Sul,0.0
University of Ruhuna,0.0
Meise Botanic Garden,0.0
Museu Paraense Emílio Goeldi,0.0
University of Debrecen,0.0
National Science and Technology Development Agency,0.0
Kunming Institute of Botany,0.0
Universidad Autónoma de Chiriquí,0.0
National Bureau of Plant Genetic Resources,0.0
Government of Mizoram,0.0
Prince Sattam Bin Abdulaziz University,0.0
Sher-e-Kashmir University of Agricultural Sciences and Technology of Jammu,0.0
Arturo Prat University,0.0
National Institute of Pharmaceutical Education and Research,0.0
Zhejiang A & F University,0.0
Foshan University,0.0
University of Wuppertal,0.0
National Environmental Engineering Research Institute,0.0
Kansas State University,0.0
National University of Civil Engineering,0.0
University of Newcastle Australia,0.0
Yangzhou University,0.0
Kidney Health Australia,0.0
Pusan National University,0.0
Central Salt and Marine Chemicals Research Institute,0.0
Indian Institute of Information Technology Allahabad,0.0
Chang Gung University,0.0
Central Electrochemical Research Institute,0.0
NIHR MindTech MedTech Co-operative,0.0
Indian Institute of Management Calcutta,0.0
Techno India University,0.0
Singapore-HUJ Alliance for Research and Enterprise,0.0
Indira Gandhi Centre for Atomic Research,0.0
Mizan Tepi University,0.0
Panjab University,0.0
Texas Tech University,0.0
Guru Gobind Singh Medical College and Hospital,0.0
Texas Tech University Health Sciences Center,0.0
Universiti Teknologi Brunei,0.0
VIT-AP University,0.0
University of West Bohemia,0.0
Indira Gandhi Agricultural University,0.0
Jawaharlal Nehru Krishi Vishwa Vidyalaya,0.0
Indian Institute of Vegetable Research,0.0
Central Rice Research Institute,0.0
Kinnaird College for Women University,0.0
Western Norway University of Applied Sciences,0.0
Brandon University,0.0
University of Management and Technology,0.0
Air University,0.0
Chhatrapati Shahu Ji Maharaj University,0.0
North-West University,0.0
Washington State University,0.0
Indian Institute of Technology Dhanbad,0.0
Dr. Hari Singh Gour University,0.0
"Indian Institute of Information Technology, Nagpur",0.0
Shiraz University of Medical Sciences,0.0
PES University,0.0
Princess Alexandra Hospital,0.0
Kurdistan University of Medical Sciences,0.0
Hellenic Mediterranean University,0.0
Software Competence Center Hagenberg (Austria),0.0
Beijing Institute of Technology,0.0
Qilu University of Technology,0.0
Zhengzhou University of Light Industry,0.0
Shandong Academy of Sciences,0.0
Nanjing University,0.0
Aalto University,0.0
Universitas Budi Luhur,0.0
University of Reggio Calabria,0.0
Madurai Kamaraj University,0.0
Haute École Provinciale de Hainaut Condorcet,0.0
Laboratoire Science & technologie du Lait & de l'œuf,0.0
Punjab Agricultural University,0.0
Anadolu University,0.0
Korea Advanced Institute of Science and Technology,0.0
An-Najah National University,0.0
Ambedkar University Delhi,0.0
Beijing Normal University,0.0
Institut National des Sciences Appliquées de Rennes,0.0
"Laboratoire d'Automatique, de Mécanique et d'Informatique Industrielles et Humaines",0.0
Eskişehir City Hospital,0.0
Universidad Internacional De La Rioja,0.0
INSA Hauts-de-France,0.0
Université Polytechnique Hauts-de-France,0.0
Shri Mata Vaishno Devi University,0.0
Indus University,0.0
University of South Carolina,0.0
National Centre for Disease Informatics and Research,0.0
Fu Jen Catholic University,0.0
Dr. Ram Manohar Lohia Avadh University,0.0
National Institute for Interdisciplinary Science and Technology,0.0
Instituto de Tecnología Química,0.0
Target (United States),0.0
Institute for Stem Cell Biology and Regenerative Medicine,0.0
State Key Laboratory of Reproductive Medicine,0.0
Jain University,0.0
Dongguk University,0.0
Singapore University of Technology and Design,0.0
Edinburgh Napier University,0.0
Gujarat Technological University,0.0
Pondicherry University,0.0
Durban University of Technology,0.0
Deen Dayal Upadhyaya Gorakhpur University,0.0
Indian Council of Medical Research,0.0
Galgotias University,0.0
Central University of Haryana,0.0
National University of Science and Technology,0.0
Riga Technical University,0.0
Instituto de Química y Fisicoquímica Biológicas,0.0
Babasaheb Bhimrao Ambedkar University,0.0
Babu Banarasi Das University,0.0
Mangalmay Institute of Management and Technology,0.0
National Institute of Technology Kurukshetra,0.0
Mahavir Cancer Institute and Research Centre,0.0
Defence Institute of Advanced Technology,0.0
King Abdulaziz City for Science and Technology,0.0
Odisha University of Agriculture and Technology,0.0
Qassim University,0.0
Majmaah University,0.0
CT Group Of Institutions,0.0
Institute of Business Management,0.0
Punjab Technical University,0.0
University of Cagliari,0.0
Centre for Advanced Bioenergy Research,0.0
International Centre for Genetic Engineering and Biotechnology,0.0
Indira Gandhi National Tribal University,0.0
Yamagata University,0.0
Netaji Subhas University of Technology,0.0
Universiti Sains Malaysia,0.0
University of Alabama,0.0
SASTRA University,0.0
King Faisal University,0.0
Society for Cardiovascular Angiography and Interventions,0.0
BML Munjal University,0.0
Manav Rachna International Institute of Research and Studies,0.0
Joint Commission,0.0
Grace (United States),0.0
House of Representatives,0.0
Association of Chartered Certified Accountants,0.0
Karen Hospital,0.0
Dawn Research (United States),0.0
Institute of Molecular Medicine,0.0
Jubilant Life Sciences (India),0.0
Khyber Medical University,0.0
Hospital Dr. Gustavo Fricke,0.0
Nirma University,0.0
American University of Sharjah,0.0
Universiti Teknologi Petronas,0.0
Technological University Dublin,0.0
Brno University of Technology,0.0
Rajiv Gandhi Institute of Petroleum Technology,0.0
Swami Ramanand Teerth Marathwada University,0.0
Dong-A University,0.0
Abasyn University,0.0
Materials Processing (United States),0.0
Tyrone County Hospital,0.0
Institute of Chemical Technology,0.0
University of the West of England,0.0
Xavier School of Management,0.0
Dubai Pharmacy College,0.0
CMH Lahore Medical College and Institute of Dentistry,0.0
Combined Military Hospital,0.0
University of Science and Technology of Fujairah,0.0
Institute of Medical Sciences,0.0
John D Bray MD,0.0
Indian Institute of Management Lucknow,0.0
Institute of Advanced Study in Science and Technology,0.0
Imam Abdulrahman Bin Faisal University,0.0
University of Hawaiʻi at Mānoa,0.0
Pasteur Institute of Iran,0.0
Northwest A&F University,0.0
University of Borås,0.0
Al-Azhar University,0.0
Zhengzhou University,0.0
Universiti Brunei Darussalam,0.0
