institution_id,publication_count
https://openalex.org/I79576946,19
https://openalex.org/I1334819555,19
https://openalex.org/I27837315,19
https://openalex.org/I36258959,16
https://openalex.org/I4210087915,16
https://openalex.org/I2801345345,15
https://openalex.org/I45129253,14
https://openalex.org/I136199984,14
https://openalex.org/I867280407,13
https://openalex.org/I1343551460,13
https://openalex.org/I3019308854,13
https://openalex.org/I921990950,13
https://openalex.org/I4210089486,12
https://openalex.org/I1294671590,12
https://openalex.org/I160606119,11
https://openalex.org/I4210167126,11
https://openalex.org/I1316902750,11
https://openalex.org/I1289437631,11
https://openalex.org/I4390039376,10
https://openalex.org/I2799885155,10
https://openalex.org/I241749,10
https://openalex.org/I1301076528,10
https://openalex.org/I4210134151,10
https://openalex.org/I165932596,10
https://openalex.org/I84218800,10
https://openalex.org/I4210164401,10
https://openalex.org/I4390039227,10
https://openalex.org/I223532165,10
https://openalex.org/I4390039326,10
https://openalex.org/I4210119077,10
https://openalex.org/I4390039344,10
https://openalex.org/I4210103341,10
https://openalex.org/I4390039236,10
https://openalex.org/I4390039303,10
https://openalex.org/I4391768124,10
https://openalex.org/I4210102777,9
https://openalex.org/I4390039299,9
https://openalex.org/I196764719,9
https://openalex.org/I201448701,9
https://openalex.org/I4390039293,9
https://openalex.org/I252758333,9
https://openalex.org/I4390039352,9
https://openalex.org/I40120149,9
https://openalex.org/I154526488,9
https://openalex.org/I4390039370,9
https://openalex.org/I59475050,9
https://openalex.org/I1299725459,9
https://openalex.org/I4210161994,9
https://openalex.org/I2801159745,9
https://openalex.org/I1326427960,8
https://openalex.org/I1332479046,8
https://openalex.org/I97018004,8
https://openalex.org/I2801647802,8
https://openalex.org/I70971781,8
https://openalex.org/I165143802,7
https://openalex.org/I32971472,7
https://openalex.org/I4210127473,7
https://openalex.org/I31746571,7
https://openalex.org/I133731052,7
https://openalex.org/I39965400,7
https://openalex.org/I47508984,6
https://openalex.org/I1313298211,6
https://openalex.org/I2801952686,6
https://openalex.org/I183935753,6
https://openalex.org/I52357470,6
https://openalex.org/I83205935,6
https://openalex.org/I177725633,6
https://openalex.org/I4210165192,6
https://openalex.org/I71999127,6
https://openalex.org/I165779595,6
https://openalex.org/I177877127,6
https://openalex.org/I150468666,6
https://openalex.org/I56590836,6
https://openalex.org/I74801974,6
https://openalex.org/I63739035,5
https://openalex.org/I19820366,5
https://openalex.org/I124055696,5
https://openalex.org/I114027177,5
https://openalex.org/I164861460,5
https://openalex.org/I96413208,5
https://openalex.org/I876193797,5
https://openalex.org/I98677209,5
https://openalex.org/I177969490,5
https://openalex.org/I170897317,5
https://openalex.org/I96673099,5
https://openalex.org/I4210131804,5
https://openalex.org/I1288882113,5
https://openalex.org/I32389192,5
https://openalex.org/I85461943,5
https://openalex.org/I8087733,5
https://openalex.org/I16391192,5
https://openalex.org/I145311948,5
https://openalex.org/I181547552,5
https://openalex.org/I51556381,5
https://openalex.org/I168635309,5
https://openalex.org/I185261750,5
https://openalex.org/I5847235,5
https://openalex.org/I8204097,5
https://openalex.org/I180670191,4
https://openalex.org/I2802934949,4
https://openalex.org/I123044942,4
https://openalex.org/I185163786,4
https://openalex.org/I155660961,4
https://openalex.org/I1283280774,4
https://openalex.org/I135598925,4
https://openalex.org/I141945490,4
https://openalex.org/I28777354,4
https://openalex.org/I1299303238,4
https://openalex.org/I39586589,4
https://openalex.org/I2802326326,4
https://openalex.org/I865915315,4
https://openalex.org/I223822909,4
https://openalex.org/I205640436,4
https://openalex.org/I110360157,4
https://openalex.org/I142263535,4
https://openalex.org/I17974374,4
https://openalex.org/I170201317,4
https://openalex.org/I2801134892,4
https://openalex.org/I181369854,4
https://openalex.org/I172675005,4
https://openalex.org/I204465549,4
https://openalex.org/I40347166,4
https://openalex.org/I57093077,4
https://openalex.org/I2802709434,4
https://openalex.org/I145872427,4
https://openalex.org/I98704320,4
https://openalex.org/I901861585,4
https://openalex.org/I4210151833,4
https://openalex.org/I56085075,4
https://openalex.org/I2800098698,4
https://openalex.org/I99464096,4
https://openalex.org/I19894307,4
https://openalex.org/I22299242,4
https://openalex.org/I101407740,4
https://openalex.org/I205783295,4
https://openalex.org/I24027795,4
https://openalex.org/I197323543,4
https://openalex.org/I129604602,4
https://openalex.org/I171543936,3
https://openalex.org/I125749732,3
https://openalex.org/I59270414,3
https://openalex.org/I153718931,3
https://openalex.org/I2801498763,3
https://openalex.org/I111088046,3
https://openalex.org/I187531555,3
https://openalex.org/I3018134672,3
https://openalex.org/I4210150261,3
https://openalex.org/I98285908,3
https://openalex.org/I150870154,3
https://openalex.org/I145894827,3
https://openalex.org/I110152177,3
https://openalex.org/I95457486,3
https://openalex.org/I864998749,3
https://openalex.org/I60342839,3
https://openalex.org/I20107917,3
https://openalex.org/I201537933,3
https://openalex.org/I887064364,3
https://openalex.org/I86519309,3
https://openalex.org/I2738703131,3
https://openalex.org/I154425047,3
https://openalex.org/I166337079,3
https://openalex.org/I3018771216,3
https://openalex.org/I78577930,3
https://openalex.org/I28166907,3
https://openalex.org/I18014758,3
https://openalex.org/I1174212,3
https://openalex.org/I60134161,3
https://openalex.org/I4210088668,3
https://openalex.org/I12859529,3
https://openalex.org/I162827531,3
https://openalex.org/I138690464,3
https://openalex.org/I2799299286,3
https://openalex.org/I4210116917,3
https://openalex.org/I23946033,3
https://openalex.org/I2802567020,3
https://openalex.org/I181565077,3
https://openalex.org/I39343248,3
https://openalex.org/I4210126712,3
https://openalex.org/I205274468,3
https://openalex.org/I204722609,3
https://openalex.org/I110166357,3
https://openalex.org/I2801970007,3
https://openalex.org/I70640408,3
https://openalex.org/I66946132,3
https://openalex.org/I153976015,3
https://openalex.org/I151201029,3
https://openalex.org/I4210126319,3
https://openalex.org/I107606265,3
https://openalex.org/I4210148332,3
https://openalex.org/I244572783,3
https://openalex.org/I4387153298,3
https://openalex.org/I4210106490,3
https://openalex.org/I28407311,3
https://openalex.org/I200207707,3
https://openalex.org/I130238516,3
https://openalex.org/I76414455,3
https://openalex.org/I118564535,3
https://openalex.org/I141596103,3
https://openalex.org/I204337017,3
https://openalex.org/I1314696892,3
https://openalex.org/I162030827,3
https://openalex.org/I2800935791,3
https://openalex.org/I165690674,3
https://openalex.org/I182534213,3
https://openalex.org/I179331831,3
https://openalex.org/I4210166598,3
https://openalex.org/I99364266,3
https://openalex.org/I3132920206,3
https://openalex.org/I185652977,3
https://openalex.org/I916357946,3
https://openalex.org/I82952536,3
https://openalex.org/I881427289,3
https://openalex.org/I74885063,3
https://openalex.org/I36234482,3
https://openalex.org/I39555362,3
https://openalex.org/I35440088,3
https://openalex.org/I138689650,3
https://openalex.org/I84339108,3
https://openalex.org/I1316535847,3
https://openalex.org/I24943067,3
https://openalex.org/I44260953,3
https://openalex.org/I1336910626,3
https://openalex.org/I48018076,3
https://openalex.org/I2802768257,3
https://openalex.org/I189158943,3
https://openalex.org/I196349391,3
https://openalex.org/I191972202,3
https://openalex.org/I145608581,3
https://openalex.org/I4210131147,3
https://openalex.org/I2801671727,3
https://openalex.org/I21250087,3
https://openalex.org/I76777374,3
https://openalex.org/I114090438,3
https://openalex.org/I124227911,3
https://openalex.org/I916559398,3
https://openalex.org/I15057530,3
https://openalex.org/I84884186,3
https://openalex.org/I4210163047,3
https://openalex.org/I161046081,3
https://openalex.org/I4210090236,3
https://openalex.org/I4210117453,3
https://openalex.org/I179193067,3
https://openalex.org/I114457229,3
https://openalex.org/I4537092,3
https://openalex.org/I154130895,2
https://openalex.org/I1334287468,2
https://openalex.org/I24354313,2
https://openalex.org/I152429107,2
https://openalex.org/I4210150921,2
https://openalex.org/I150229711,2
https://openalex.org/I188760350,2
https://openalex.org/I111979921,2
https://openalex.org/I190082696,2
https://openalex.org/I157725225,2
https://openalex.org/I63634437,2
https://openalex.org/I5023651,2
https://openalex.org/I1285301757,2
https://openalex.org/I1282105669,2
https://openalex.org/I79510175,2
https://openalex.org/I33586908,2
https://openalex.org/I39804081,2
https://openalex.org/I135310074,2
https://openalex.org/I2802582725,2
https://openalex.org/I7877124,2
https://openalex.org/I100930933,2
https://openalex.org/I185103710,2
https://openalex.org/I2803058125,2
https://openalex.org/I185638415,2
https://openalex.org/I5124864,2
https://openalex.org/I1335321130,2
https://openalex.org/I86501945,2
https://openalex.org/I193775966,2
https://openalex.org/I4210105918,2
https://openalex.org/I130701444,2
https://openalex.org/I138211613,2
https://openalex.org/I162148367,2
https://openalex.org/I2800229700,2
https://openalex.org/I148283060,2
https://openalex.org/I2802864460,2
https://openalex.org/I277688954,2
https://openalex.org/I162608824,2
https://openalex.org/I138006243,2
https://openalex.org/I115228651,2
https://openalex.org/I4210099598,2
https://openalex.org/I1336263701,2
https://openalex.org/I32597200,2
https://openalex.org/I2801317318,2
https://openalex.org/I2803066834,2
https://openalex.org/I2801843802,2
https://openalex.org/I4210097159,2
https://openalex.org/I204730241,2
https://openalex.org/I153648349,2
https://openalex.org/I4210133586,2
https://openalex.org/I60053951,2
https://openalex.org/I4210123352,2
https://openalex.org/I2799853436,2
https://openalex.org/I112289208,2
https://openalex.org/I6498739,2
https://openalex.org/I7882870,2
https://openalex.org/I4210110459,2
https://openalex.org/I177828482,2
https://openalex.org/I69094615,2
https://openalex.org/I68891433,2
https://openalex.org/I342702707,2
https://openalex.org/I204778367,2
https://openalex.org/I4210113288,2
https://openalex.org/I7435137,2
https://openalex.org/I129774422,2
https://openalex.org/I116631150,2
https://openalex.org/I4210135003,2
https://openalex.org/I4210095947,2
https://openalex.org/I40542001,2
https://openalex.org/I98358874,2
https://openalex.org/I4210090957,2
https://openalex.org/I2802476451,2
https://openalex.org/I169381384,2
https://openalex.org/I219193219,2
https://openalex.org/I130769515,2
https://openalex.org/I172901346,2
https://openalex.org/I4210119048,2
https://openalex.org/I4210094062,2
https://openalex.org/I4210146710,2
https://openalex.org/I2801322873,2
https://openalex.org/I1343052199,2
https://openalex.org/I4387153466,2
https://openalex.org/I161318765,2
https://openalex.org/I2800006345,2
https://openalex.org/I4210108070,2
https://openalex.org/I4210096666,2
https://openalex.org/I190930483,2
https://openalex.org/I2799503643,2
https://openalex.org/I4210100596,2
https://openalex.org/I204308271,2
https://openalex.org/I2799351582,2
https://openalex.org/I1339471597,2
https://openalex.org/I4210165985,2
https://openalex.org/I25974101,2
https://openalex.org/I205984670,2
https://openalex.org/I74653059,2
https://openalex.org/I4210089966,2
https://openalex.org/I200296433,2
https://openalex.org/I119311299,2
https://openalex.org/I154757721,2
https://openalex.org/I55285296,2
https://openalex.org/I76134821,2
https://openalex.org/I40527276,2
https://openalex.org/I225661044,2
https://openalex.org/I11932220,2
https://openalex.org/I165733156,2
https://openalex.org/I83519826,2
https://openalex.org/I1291425158,2
https://openalex.org/I211055903,2
https://openalex.org/I4401200333,2
https://openalex.org/I71267560,2
https://openalex.org/I161463649,2
https://openalex.org/I14243506,2
https://openalex.org/I4210140884,2
https://openalex.org/I4210157117,2
https://openalex.org/I149704539,2
https://openalex.org/I4210125099,2
https://openalex.org/I157614274,2
https://openalex.org/I33849332,2
https://openalex.org/I74973139,2
https://openalex.org/I142444530,2
https://openalex.org/I16733864,2
https://openalex.org/I181046868,2
https://openalex.org/I894721429,2
https://openalex.org/I192619145,2
https://openalex.org/I12912129,2
https://openalex.org/I130828816,2
https://openalex.org/I169877490,2
https://openalex.org/I4210093292,2
https://openalex.org/I4210150290,2
https://openalex.org/I96036126,2
https://openalex.org/I4210105654,2
https://openalex.org/I126596746,2
https://openalex.org/I70931966,2
https://openalex.org/I91044093,2
https://openalex.org/I91450128,2
https://openalex.org/I131835042,2
https://openalex.org/I4210134900,2
https://openalex.org/I199691007,2
https://openalex.org/I29617571,2
https://openalex.org/I1321067030,2
https://openalex.org/I54383971,2
https://openalex.org/I69552723,2
https://openalex.org/I4210166444,2
https://openalex.org/I592451,2
https://openalex.org/I2802730090,2
https://openalex.org/I4210088053,2
https://openalex.org/I4210147161,2
https://openalex.org/I91045830,2
https://openalex.org/I51195161,2
https://openalex.org/I4210123216,2
https://openalex.org/I172446870,2
https://openalex.org/I4210142124,2
https://openalex.org/I4210141984,2
https://openalex.org/I200650556,2
https://openalex.org/I129734738,2
https://openalex.org/I2801081054,2
https://openalex.org/I42237331,2
https://openalex.org/I24603500,2
https://openalex.org/I67415387,2
https://openalex.org/I2800154431,2
https://openalex.org/I2251586001,2
https://openalex.org/I4210092133,2
https://openalex.org/I4210094012,2
https://openalex.org/I4210136897,2
https://openalex.org/I98251732,2
https://openalex.org/I2800921988,2
https://openalex.org/I2279609970,2
https://openalex.org/I155125381,2
https://openalex.org/I2801680663,2
https://openalex.org/I136750679,2
https://openalex.org/I29891158,2
https://openalex.org/I55769427,2
https://openalex.org/I82951845,2
https://openalex.org/I4210133503,2
https://openalex.org/I46247651,2
https://openalex.org/I1292894508,2
https://openalex.org/I63072094,2
https://openalex.org/I24676775,2
https://openalex.org/I4210120009,2
https://openalex.org/I2801795740,2
https://openalex.org/I75027704,2
https://openalex.org/I4210138609,2
https://openalex.org/I20231570,2
https://openalex.org/I69050122,2
https://openalex.org/I16076960,2
https://openalex.org/I64295750,2
https://openalex.org/I137479271,2
https://openalex.org/I185443292,2
https://openalex.org/I4210118524,2
https://openalex.org/I4210156707,2
https://openalex.org/I4210103786,2
https://openalex.org/I92008406,2
https://openalex.org/I91357014,2
https://openalex.org/I179420787,2
https://openalex.org/I2801924861,2
https://openalex.org/I4210097146,2
https://openalex.org/I51452335,2
https://openalex.org/I43439940,2
https://openalex.org/I55143463,2
https://openalex.org/I45294948,2
https://openalex.org/I114724429,2
https://openalex.org/I193662353,2
https://openalex.org/I181631907,2
https://openalex.org/I29606459,2
https://openalex.org/I39624965,2
https://openalex.org/I63966007,2
https://openalex.org/I106349282,2
https://openalex.org/I32480017,2
https://openalex.org/I197251160,2
https://openalex.org/I3132702812,2
https://openalex.org/I212220629,2
https://openalex.org/I42934936,2
https://openalex.org/I5681781,2
https://openalex.org/I131249849,2
https://openalex.org/I1306687154,2
https://openalex.org/I28022161,2
https://openalex.org/I4210116320,2
https://openalex.org/I1333540553,2
https://openalex.org/I34771391,2
https://openalex.org/I205746353,2
https://openalex.org/I200606013,2
https://openalex.org/I36893310,2
https://openalex.org/I173304897,2
https://openalex.org/I4210100342,2
https://openalex.org/I48076826,2
https://openalex.org/I141568987,2
https://openalex.org/I4399657946,2
https://openalex.org/I26771391,2
https://openalex.org/I72227227,2
https://openalex.org/I199693650,2
https://openalex.org/I52099693,2
https://openalex.org/I47251452,2
https://openalex.org/I65181880,2
https://openalex.org/I79272384,2
https://openalex.org/I163205636,2
https://openalex.org/I17877952,2
https://openalex.org/I226983648,2
https://openalex.org/I193073490,2
https://openalex.org/I931681460,2
https://openalex.org/I32394136,2
https://openalex.org/I60054993,2
https://openalex.org/I8961855,2
https://openalex.org/I189442560,2
https://openalex.org/I14467051,2
https://openalex.org/I75444546,2
https://openalex.org/I4210133311,2
https://openalex.org/I193531525,2
https://openalex.org/I11947397,2
https://openalex.org/I4210097900,2
https://openalex.org/I146655781,2
https://openalex.org/I34942010,2
https://openalex.org/I183067930,2
https://openalex.org/I4210147586,2
https://openalex.org/I4210153126,2
https://openalex.org/I1289490764,2
https://openalex.org/I97565354,2
https://openalex.org/I184693016,2
https://openalex.org/I169335092,1
https://openalex.org/I3130378879,1
https://openalex.org/I104941359,1
https://openalex.org/I4387152369,1
https://openalex.org/I230495080,1
https://openalex.org/I129162050,1
https://openalex.org/I4210106663,1
https://openalex.org/I4210099530,1
https://openalex.org/I2802730293,1
https://openalex.org/I1303043848,1
https://openalex.org/I103531236,1
https://openalex.org/I49433721,1
https://openalex.org/I4210121101,1
https://openalex.org/I1334329717,1
https://openalex.org/I4210128723,1
https://openalex.org/I2801518579,1
https://openalex.org/I4210095140,1
https://openalex.org/I4210112411,1
https://openalex.org/I1331321872,1
https://openalex.org/I57206974,1
https://openalex.org/I2802706549,1
https://openalex.org/I4210119109,1
https://openalex.org/I4210129097,1
https://openalex.org/I92251255,1
https://openalex.org/I4210091910,1
https://openalex.org/I4210139172,1
https://openalex.org/I4210166344,1
https://openalex.org/I107920810,1
https://openalex.org/I4210114390,1
https://openalex.org/I2841861,1
https://openalex.org/I4210097149,1
https://openalex.org/I4210086221,1
https://openalex.org/I4210123775,1
https://openalex.org/I106329310,1
https://openalex.org/I4210139031,1
https://openalex.org/I111199411,1
https://openalex.org/I1339531966,1
https://openalex.org/I4210089315,1
https://openalex.org/I4210114143,1
https://openalex.org/I4210139883,1
https://openalex.org/I1321649718,1
https://openalex.org/I175234967,1
https://openalex.org/I4210112252,1
https://openalex.org/I4210106928,1
https://openalex.org/I4210132331,1
https://openalex.org/I43777268,1
https://openalex.org/I4210118037,1
https://openalex.org/I61923386,1
https://openalex.org/I151808059,1
https://openalex.org/I10947320,1
https://openalex.org/I1323093577,1
https://openalex.org/I55016150,1
https://openalex.org/I4210133909,1
https://openalex.org/I4210154143,1
https://openalex.org/I192597271,1
https://openalex.org/I2800129641,1
https://openalex.org/I699696,1
https://openalex.org/I4210144468,1
https://openalex.org/I4210099595,1
https://openalex.org/I4210101200,1
https://openalex.org/I4210164150,1
https://openalex.org/I2799434747,1
https://openalex.org/I87048295,1
https://openalex.org/I4210116691,1
https://openalex.org/I139264467,1
https://openalex.org/I4210085920,1
https://openalex.org/I75951250,1
https://openalex.org/I4210127693,1
https://openalex.org/I4210151747,1
https://openalex.org/I4210130445,1
https://openalex.org/I88273585,1
https://openalex.org/I98702875,1
https://openalex.org/I4210116174,1
https://openalex.org/I2802407485,1
https://openalex.org/I4210087077,1
https://openalex.org/I4210097825,1
https://openalex.org/I4387153933,1
https://openalex.org/I4210110827,1
https://openalex.org/I1292859797,1
https://openalex.org/I4210158500,1
https://openalex.org/I2802674826,1
https://openalex.org/I4210086291,1
https://openalex.org/I4210125278,1
https://openalex.org/I4210153594,1
https://openalex.org/I4210124898,1
https://openalex.org/I4210106300,1
https://openalex.org/I1320557632,1
https://openalex.org/I2801296245,1
https://openalex.org/I169912796,1
https://openalex.org/I2800945745,1
https://openalex.org/I4210145000,1
https://openalex.org/I157674215,1
https://openalex.org/I55664587,1
https://openalex.org/I121750182,1
https://openalex.org/I170979836,1
https://openalex.org/I4210139435,1
https://openalex.org/I119939252,1
https://openalex.org/I4210155236,1
https://openalex.org/I55862774,1
https://openalex.org/I4210112570,1
https://openalex.org/I28210344,1
https://openalex.org/I198244214,1
https://openalex.org/I3020098449,1
https://openalex.org/I4210153543,1
https://openalex.org/I2799829267,1
https://openalex.org/I4210141755,1
https://openalex.org/I4210110641,1
https://openalex.org/I4391767860,1
https://openalex.org/I129628643,1
https://openalex.org/I162254961,1
https://openalex.org/I99165933,1
https://openalex.org/I198243066,1
https://openalex.org/I4210145257,1
https://openalex.org/I4210160674,1
https://openalex.org/I4210095581,1
https://openalex.org/I131762061,1
https://openalex.org/I174458059,1
https://openalex.org/I116419501,1
https://openalex.org/I3132505570,1
https://openalex.org/I4210123911,1
https://openalex.org/I4210133764,1
https://openalex.org/I165368041,1
https://openalex.org/I4210119417,1
https://openalex.org/I122147150,1
https://openalex.org/I205051169,1
https://openalex.org/I10457146,1
https://openalex.org/I4210135882,1
https://openalex.org/I10017102,1
https://openalex.org/I196551433,1
https://openalex.org/I21215505,1
https://openalex.org/I128212801,1
https://openalex.org/I4210124406,1
https://openalex.org/I195729267,1
https://openalex.org/I14500998,1
https://openalex.org/I2799500531,1
https://openalex.org/I13897259,1
https://openalex.org/I168719708,1
https://openalex.org/I305407034,1
https://openalex.org/I1286329397,1
https://openalex.org/I60559429,1
https://openalex.org/I130343225,1
https://openalex.org/I91732220,1
https://openalex.org/I10232997,1
https://openalex.org/I4210141258,1
https://openalex.org/I3020002803,1
https://openalex.org/I187400657,1
https://openalex.org/I2800667924,1
https://openalex.org/I4210150574,1
https://openalex.org/I118298837,1
https://openalex.org/I141074466,1
https://openalex.org/I4210102099,1
https://openalex.org/I4210099176,1
https://openalex.org/I4210116254,1
https://openalex.org/I4210150180,1
https://openalex.org/I2799615058,1
https://openalex.org/I2802359038,1
https://openalex.org/I131944076,1
https://openalex.org/I4210158168,1
https://openalex.org/I4210117572,1
https://openalex.org/I2799807261,1
https://openalex.org/I169541294,1
https://openalex.org/I4210123879,1
https://openalex.org/I129975664,1
https://openalex.org/I4210119033,1
https://openalex.org/I4210131405,1
https://openalex.org/I4210102853,1
https://openalex.org/I2799725268,1
https://openalex.org/I1297363086,1
https://openalex.org/I4210150894,1
https://openalex.org/I2801766832,1
https://openalex.org/I4210156876,1
https://openalex.org/I878454856,1
https://openalex.org/I4210116486,1
https://openalex.org/I195939026,1
https://openalex.org/I4210140513,1
https://openalex.org/I98461037,1
https://openalex.org/I4210148356,1
https://openalex.org/I4210154619,1
https://openalex.org/I83657090,1
https://openalex.org/I196829312,1
https://openalex.org/I2800528635,1
https://openalex.org/I4210095389,1
https://openalex.org/I4210092852,1
https://openalex.org/I4210115484,1
https://openalex.org/I63190737,1
https://openalex.org/I4210138746,1
https://openalex.org/I165339363,1
https://openalex.org/I4210132431,1
https://openalex.org/I4210166274,1
https://openalex.org/I4210128490,1
https://openalex.org/I4210118317,1
https://openalex.org/I4210123359,1
https://openalex.org/I2800810863,1
https://openalex.org/I8977528,1
https://openalex.org/I189109744,1
https://openalex.org/I4210138251,1
https://openalex.org/I2802466933,1
https://openalex.org/I170203145,1
https://openalex.org/I4210156194,1
https://openalex.org/I118574687,1
https://openalex.org/I4210123464,1
https://openalex.org/I113198587,1
https://openalex.org/I4210086300,1
https://openalex.org/I194604659,1
https://openalex.org/I3122832768,1
https://openalex.org/I196608512,1
https://openalex.org/I2801814493,1
https://openalex.org/I194807695,1
https://openalex.org/I135117807,1
https://openalex.org/I4210109249,1
https://openalex.org/I197097402,1
https://openalex.org/I114292369,1
https://openalex.org/I169248161,1
https://openalex.org/I2799668677,1
https://openalex.org/I4210110309,1
https://openalex.org/I49611733,1
https://openalex.org/I4210124175,1
https://openalex.org/I184942183,1
https://openalex.org/I4210165411,1
https://openalex.org/I2802629923,1
https://openalex.org/I4210152020,1
https://openalex.org/I2746051580,1
https://openalex.org/I4210140583,1
https://openalex.org/I2799389969,1
https://openalex.org/I187453708,1
https://openalex.org/I4210089473,1
https://openalex.org/I4210089367,1
https://openalex.org/I99043593,1
https://openalex.org/I1334627681,1
https://openalex.org/I1331384533,1
https://openalex.org/I4210150701,1
https://openalex.org/I118347636,1
https://openalex.org/I29607241,1
https://openalex.org/I183974707,1
https://openalex.org/I879563668,1
https://openalex.org/I132487946,1
https://openalex.org/I4210094059,1
https://openalex.org/I4210130807,1
https://openalex.org/I4210092024,1
https://openalex.org/I4210125312,1
https://openalex.org/I158438070,1
https://openalex.org/I2801935854,1
https://openalex.org/I4210135837,1
https://openalex.org/I181391015,1
https://openalex.org/I4210137573,1
https://openalex.org/I2801536946,1
https://openalex.org/I173093425,1
https://openalex.org/I4210089594,1
https://openalex.org/I4210113301,1
https://openalex.org/I4210137803,1
https://openalex.org/I4210158561,1
https://openalex.org/I137982388,1
https://openalex.org/I4210090991,1
https://openalex.org/I1335113835,1
https://openalex.org/I34931013,1
https://openalex.org/I4210095477,1
https://openalex.org/I4210138819,1
https://openalex.org/I4210112085,1
https://openalex.org/I1340918713,1
https://openalex.org/I4210134045,1
https://openalex.org/I4210107147,1
https://openalex.org/I4210151386,1
https://openalex.org/I1288043984,1
https://openalex.org/I26072440,1
https://openalex.org/I4210158889,1
https://openalex.org/I4210125856,1
https://openalex.org/I2801880299,1
https://openalex.org/I340869894,1
https://openalex.org/I4210160388,1
https://openalex.org/I102117144,1
https://openalex.org/I114796046,1
https://openalex.org/I70764227,1
https://openalex.org/I59179055,1
https://openalex.org/I36090812,1
https://openalex.org/I155781252,1
https://openalex.org/I139322472,1
https://openalex.org/I17301866,1
https://openalex.org/I932239252,1
https://openalex.org/I76571253,1
https://openalex.org/I156216236,1
https://openalex.org/I13567498,1
https://openalex.org/I4210148816,1
https://openalex.org/I1284598098,1
https://openalex.org/I195631090,1
https://openalex.org/I44265643,1
https://openalex.org/I183638586,1
https://openalex.org/I112862951,1
https://openalex.org/I200284239,1
https://openalex.org/I63548447,1
https://openalex.org/I27963644,1
https://openalex.org/I181343428,1
https://openalex.org/I161321875,1
https://openalex.org/I4210156643,1
https://openalex.org/I1288051870,1
https://openalex.org/I889804353,1
https://openalex.org/I145902186,1
https://openalex.org/I1293226324,1
https://openalex.org/I2800164725,1
https://openalex.org/I1310145890,1
https://openalex.org/I73142707,1
https://openalex.org/I99065089,1
https://openalex.org/I4210121021,1
https://openalex.org/I1286959531,1
https://openalex.org/I2802722262,1
https://openalex.org/I2801051648,1
https://openalex.org/I4210116060,1
https://openalex.org/I2799929701,1
https://openalex.org/I2802581871,1
https://openalex.org/I1339947260,1
https://openalex.org/I2801403999,1
https://openalex.org/I32021983,1
https://openalex.org/I131434179,1
https://openalex.org/I159650629,1
https://openalex.org/I165441096,1
https://openalex.org/I180297670,1
https://openalex.org/I12708293,1
https://openalex.org/I1319360392,1
https://openalex.org/I143397708,1
https://openalex.org/I4210156450,1
https://openalex.org/I4210148403,1
https://openalex.org/I4210166781,1
https://openalex.org/I4210123840,1
https://openalex.org/I4210149920,1
https://openalex.org/I2800875313,1
https://openalex.org/I217937681,1
https://openalex.org/I51713134,1
https://openalex.org/I4210110970,1
https://openalex.org/I23923803,1
https://openalex.org/I4210097491,1
https://openalex.org/I3129555431,1
https://openalex.org/I114982161,1
https://openalex.org/I2802040150,1
https://openalex.org/I2802164966,1
https://openalex.org/I28290843,1
https://openalex.org/I4391012607,1
https://openalex.org/I101527212,1
https://openalex.org/I190249584,1
https://openalex.org/I2802742124,1
https://openalex.org/I4210118299,1
https://openalex.org/I43406934,1
https://openalex.org/I4210127817,1
https://openalex.org/I368840534,1
https://openalex.org/I1334415907,1
https://openalex.org/I32762134,1
https://openalex.org/I4210160795,1
https://openalex.org/I60668342,1
https://openalex.org/I126231945,1
https://openalex.org/I4210121800,1
https://openalex.org/I189462010,1
https://openalex.org/I2802965805,1
https://openalex.org/I125671874,1
https://openalex.org/I307255591,1
https://openalex.org/I85564003,1
https://openalex.org/I4626487,1
https://openalex.org/I98210582,1
https://openalex.org/I4210091899,1
https://openalex.org/I4391767729,1
https://openalex.org/I134359838,1
https://openalex.org/I4210144925,1
https://openalex.org/I196652580,1
https://openalex.org/I299920578,1
https://openalex.org/I51226738,1
https://openalex.org/I4210095669,1
https://openalex.org/I51158804,1
https://openalex.org/I4210129200,1
https://openalex.org/I25399158,1
https://openalex.org/I4210093045,1
https://openalex.org/I1289142772,1
https://openalex.org/I1310048521,1
https://openalex.org/I4210087127,1
https://openalex.org/I4210145347,1
https://openalex.org/I136774965,1
https://openalex.org/I198105771,1
https://openalex.org/I4210110275,1
https://openalex.org/I144614875,1
https://openalex.org/I4210090662,1
https://openalex.org/I64532579,1
https://openalex.org/I132877587,1
https://openalex.org/I4210141251,1
https://openalex.org/I84724731,1
https://openalex.org/I184490438,1
https://openalex.org/I94234084,1
https://openalex.org/I913958620,1
https://openalex.org/I99041443,1
https://openalex.org/I94616015,1
https://openalex.org/I4210094618,1
https://openalex.org/I4210150297,1
https://openalex.org/I162871001,1
https://openalex.org/I154632036,1
https://openalex.org/I4390039234,1
https://openalex.org/I192455969,1
https://openalex.org/I122964287,1
https://openalex.org/I8606887,1
https://openalex.org/I91136226,1
https://openalex.org/I133999245,1
https://openalex.org/I178535277,1
https://openalex.org/I167751958,1
https://openalex.org/I199440890,1
https://openalex.org/I9300472,1
https://openalex.org/I135140700,1
https://openalex.org/I255234318,1
https://openalex.org/I65644108,1
https://openalex.org/I1305001552,1
https://openalex.org/I188973947,1
https://openalex.org/I134695357,1
https://openalex.org/I202697423,1
https://openalex.org/I9073902,1
https://openalex.org/I4210134832,1
https://openalex.org/I4843557,1
https://openalex.org/I76202665,1
https://openalex.org/I59553526,1
https://openalex.org/I4210105455,1
https://openalex.org/I59130452,1
https://openalex.org/I1301390666,1
https://openalex.org/I4264650,1
https://openalex.org/I4210161040,1
https://openalex.org/I4210115393,1
https://openalex.org/I2802328216,1
https://openalex.org/I2801112126,1
https://openalex.org/I120611246,1
https://openalex.org/I69740276,1
https://openalex.org/I2800079252,1
https://openalex.org/I1325846038,1
https://openalex.org/I71030271,1
https://openalex.org/I861853513,1
https://openalex.org/I171892758,1
https://openalex.org/I87216513,1
https://openalex.org/I156406944,1
https://openalex.org/I94722563,1
https://openalex.org/I63135867,1
https://openalex.org/I102322142,1
https://openalex.org/I4210127387,1
https://openalex.org/I2800484787,1
https://openalex.org/I90344618,1
https://openalex.org/I27804330,1
https://openalex.org/I2799657458,1
https://openalex.org/I4210129944,1
https://openalex.org/I4210160326,1
https://openalex.org/I4210163111,1
https://openalex.org/I4210167107,1
https://openalex.org/I111236770,1
https://openalex.org/I4210085861,1
https://openalex.org/I4210152419,1
https://openalex.org/I4210138174,1
https://openalex.org/I1327191685,1
https://openalex.org/I84909340,1
https://openalex.org/I2802834092,1
https://openalex.org/I76442945,1
https://openalex.org/I2800738734,1
https://openalex.org/I4210097010,1
https://openalex.org/I4210157790,1
https://openalex.org/I4210137962,1
https://openalex.org/I177607063,1
https://openalex.org/I4210091196,1
https://openalex.org/I146824383,1
https://openalex.org/I4210158597,1
https://openalex.org/I4210133362,1
https://openalex.org/I103163165,1
https://openalex.org/I276256525,1
https://openalex.org/I143247161,1
https://openalex.org/I4388482725,1
https://openalex.org/I105094715,1
https://openalex.org/I201787326,1
https://openalex.org/I3006985408,1
https://openalex.org/I116067653,1
https://openalex.org/I12003341,1
https://openalex.org/I4210149401,1
https://openalex.org/I145847075,1
https://openalex.org/I4210116741,1
https://openalex.org/I4210149435,1
https://openalex.org/I3129407955,1
https://openalex.org/I79619799,1
https://openalex.org/I4210164117,1
https://openalex.org/I52179390,1
https://openalex.org/I4210145761,1
https://openalex.org/I4210157426,1
https://openalex.org/I4210107658,1
https://openalex.org/I162868743,1
https://openalex.org/I4210093566,1
https://openalex.org/I1333651918,1
https://openalex.org/I121934306,1
https://openalex.org/I138728355,1
https://openalex.org/I200870766,1
https://openalex.org/I2802423016,1
https://openalex.org/I16097986,1
https://openalex.org/I188538660,1
https://openalex.org/I4210086003,1
https://openalex.org/I4210092882,1
https://openalex.org/I115498069,1
https://openalex.org/I4210131238,1
https://openalex.org/I4210137870,1
https://openalex.org/I4210137306,1
https://openalex.org/I2801357902,1
https://openalex.org/I4210138040,1
https://openalex.org/I4210110607,1
https://openalex.org/I4210109312,1
https://openalex.org/I1293231726,1
https://openalex.org/I4210094922,1
https://openalex.org/I4210118821,1
https://openalex.org/I2801323708,1
https://openalex.org/I4210090567,1
https://openalex.org/I4210136484,1
https://openalex.org/I4210108560,1
https://openalex.org/I1314996769,1
https://openalex.org/I2801824472,1
https://openalex.org/I184558857,1
https://openalex.org/I108290504,1
https://openalex.org/I4210096149,1
https://openalex.org/I251738,1
https://openalex.org/I29563240,1
https://openalex.org/I152815399,1
https://openalex.org/I175691731,1
https://openalex.org/I177181097,1
https://openalex.org/I142740786,1
https://openalex.org/I886702836,1
https://openalex.org/I4210151893,1
https://openalex.org/I37048141,1
https://openalex.org/I4210167247,1
https://openalex.org/I4210149513,1
https://openalex.org/I1850255,1
https://openalex.org/I2801876189,1
https://openalex.org/I33618826,1
https://openalex.org/I153487414,1
https://openalex.org/I200323923,1
https://openalex.org/I4210114961,1
https://openalex.org/I4210143965,1
https://openalex.org/I4210162420,1
https://openalex.org/I57092466,1
https://openalex.org/I92039509,1
https://openalex.org/I1328782679,1
https://openalex.org/I63596082,1
https://openalex.org/I4210099820,1
https://openalex.org/I899646,1
https://openalex.org/I114150738,1
https://openalex.org/I1337315214,1
https://openalex.org/I4210132287,1
https://openalex.org/I146682468,1
https://openalex.org/I4210115096,1
https://openalex.org/I4210116615,1
https://openalex.org/I133743585,1
https://openalex.org/I4210142660,1
https://openalex.org/I190765188,1
https://openalex.org/I28221208,1
https://openalex.org/I4210089617,1
https://openalex.org/I17533244,1
https://openalex.org/I25254941,1
https://openalex.org/I4210091745,1
https://openalex.org/I228664971,1
https://openalex.org/I70348806,1
https://openalex.org/I157485424,1
https://openalex.org/I4387154098,1
https://openalex.org/I4210128546,1
https://openalex.org/I2800235667,1
https://openalex.org/I21491767,1
https://openalex.org/I4210144289,1
https://openalex.org/I22716965,1
https://openalex.org/I4210149499,1
https://openalex.org/I102471911,1
https://openalex.org/I162096671,1
https://openalex.org/I196375840,1
https://openalex.org/I4210104630,1
https://openalex.org/I4210101901,1
https://openalex.org/I70983195,1
https://openalex.org/I4210104942,1
https://openalex.org/I36243813,1
https://openalex.org/I4210140564,1
https://openalex.org/I4210087978,1
https://openalex.org/I71503853,1
https://openalex.org/I4387154967,1
https://openalex.org/I118019719,1
https://openalex.org/I4210126764,1
https://openalex.org/I4210089144,1
https://openalex.org/I4210109518,1
https://openalex.org/I1285204247,1
https://openalex.org/I122544976,1
https://openalex.org/I2801227569,1
https://openalex.org/I1310421338,1
https://openalex.org/I385303915,1
https://openalex.org/I4210113058,1
https://openalex.org/I184840846,1
https://openalex.org/I4210137328,1
https://openalex.org/I4210146690,1
https://openalex.org/I2802921333,1
https://openalex.org/I4210107866,1
https://openalex.org/I4210124644,1
https://openalex.org/I4210125843,1
https://openalex.org/I27765905,1
https://openalex.org/I2801112325,1
https://openalex.org/I72951846,1
https://openalex.org/I203951103,1
https://openalex.org/I4210091812,1
https://openalex.org/I4210147892,1
https://openalex.org/I4210128921,1
https://openalex.org/I4210127074,1
https://openalex.org/I3018557291,1
https://openalex.org/I4387152949,1
https://openalex.org/I4210166463,1
https://openalex.org/I4210088998,1
https://openalex.org/I2802939634,1
https://openalex.org/I4210131356,1
https://openalex.org/I4210137953,1
https://openalex.org/I4210132405,1
https://openalex.org/I4210089431,1
https://openalex.org/I4210113468,1
https://openalex.org/I4210133995,1
https://openalex.org/I4210097126,1
https://openalex.org/I4210140335,1
https://openalex.org/I98298690,1
https://openalex.org/I4210091198,1
https://openalex.org/I157773358,1
https://openalex.org/I4210126648,1
https://openalex.org/I290859477,1
https://openalex.org/I20632288,1
https://openalex.org/I34809795,1
https://openalex.org/I4210092774,1
https://openalex.org/I77541275,1
https://openalex.org/I148520331,1
https://openalex.org/I87482320,1
https://openalex.org/I899713450,1
https://openalex.org/I48890080,1
https://openalex.org/I179863766,1
https://openalex.org/I29045822,1
https://openalex.org/I229991691,1
https://openalex.org/I4210086881,1
https://openalex.org/I2802630050,1
https://openalex.org/I4210141964,1
https://openalex.org/I200166805,1
https://openalex.org/I4210133069,1
https://openalex.org/I4394709130,1
https://openalex.org/I267325792,1
https://openalex.org/I4210111810,1
https://openalex.org/I2800404181,1
https://openalex.org/I926076166,1
https://openalex.org/I1314135232,1
https://openalex.org/I12315562,1
https://openalex.org/I71495548,1
https://openalex.org/I4210124532,1
https://openalex.org/I4210093919,1
https://openalex.org/I2800394112,1
https://openalex.org/I4210155985,1
https://openalex.org/I180680657,1
https://openalex.org/I9341345,1
https://openalex.org/I4210100389,1
https://openalex.org/I32003884,1
https://openalex.org/I2799390153,1
https://openalex.org/I126158947,1
https://openalex.org/I4210163125,1
https://openalex.org/I4210136366,1
https://openalex.org/I1281400175,1
https://openalex.org/I186335123,1
https://openalex.org/I54713919,1
https://openalex.org/I62916508,1
https://openalex.org/I4210127591,1
https://openalex.org/I4210136334,1
https://openalex.org/I4210137002,1
https://openalex.org/I126744593,1
https://openalex.org/I3018718406,1
https://openalex.org/I304662888,1
https://openalex.org/I92156820,1
https://openalex.org/I4210153238,1
https://openalex.org/I4210106115,1
https://openalex.org/I4210159766,1
https://openalex.org/I158929114,1
https://openalex.org/I1306134198,1
https://openalex.org/I2801533059,1
https://openalex.org/I2799980853,1
https://openalex.org/I3018483916,1
https://openalex.org/I4210086327,1
https://openalex.org/I4210120975,1
https://openalex.org/I100532134,1
https://openalex.org/I4210089761,1
https://openalex.org/I4210113075,1
https://openalex.org/I160302567,1
https://openalex.org/I4210121186,1
https://openalex.org/I4921948,1
https://openalex.org/I11935315,1
https://openalex.org/I168893459,1
https://openalex.org/I102064193,1
https://openalex.org/I4210159287,1
https://openalex.org/I128420443,1
https://openalex.org/I170347488,1
https://openalex.org/I257903683,1
https://openalex.org/I78978612,1
https://openalex.org/I14894300,1
https://openalex.org/I189590672,1
https://openalex.org/I167360494,1
https://openalex.org/I1284762954,1
https://openalex.org/I78757542,1
https://openalex.org/I4210124766,1
https://openalex.org/I143302722,1
https://openalex.org/I142253595,1
https://openalex.org/I24185976,1
https://openalex.org/I158949172,1
https://openalex.org/I22465464,1
https://openalex.org/I4210114611,1
https://openalex.org/I4210121373,1
https://openalex.org/I4210130800,1
https://openalex.org/I133984924,1
https://openalex.org/I2802789608,1
https://openalex.org/I4210091470,1
https://openalex.org/I177909021,1
https://openalex.org/I106118109,1
https://openalex.org/I4210115482,1
https://openalex.org/I102335020,1
https://openalex.org/I182712176,1
https://openalex.org/I162720556,1
https://openalex.org/I10660446,1
https://openalex.org/I199028557,1
https://openalex.org/I110200422,1
https://openalex.org/I207014233,1
https://openalex.org/I88814501,1
https://openalex.org/I24881138,1
https://openalex.org/I4210165351,1
https://openalex.org/I6178835,1
https://openalex.org/I4210143668,1
https://openalex.org/I4210102261,1
https://openalex.org/I149851306,1
https://openalex.org/I20230540,1
https://openalex.org/I4210099858,1
https://openalex.org/I90183372,1
https://openalex.org/I177136067,1
https://openalex.org/I62396329,1
https://openalex.org/I7885462,1
https://openalex.org/I4210129794,1
https://openalex.org/I63341726,1
https://openalex.org/I173911158,1
https://openalex.org/I197274945,1
https://openalex.org/I4210111625,1
https://openalex.org/I4210150365,1
https://openalex.org/I4210157823,1
https://openalex.org/I4210112713,1
https://openalex.org/I4210097415,1
https://openalex.org/I235110982,1
https://openalex.org/I142608572,1
https://openalex.org/I126218986,1
https://openalex.org/I4210096275,1
https://openalex.org/I4210096007,1
https://openalex.org/I1308923049,1
https://openalex.org/I115752224,1
https://openalex.org/I904495901,1
https://openalex.org/I138873065,1
https://openalex.org/I2801780550,1
https://openalex.org/I4210141674,1
https://openalex.org/I2802782613,1
https://openalex.org/I4210106285,1
https://openalex.org/I2801107848,1
https://openalex.org/I4210087110,1
https://openalex.org/I2799810450,1
https://openalex.org/I4210119117,1
https://openalex.org/I4210145268,1
https://openalex.org/I1340179700,1
https://openalex.org/I2800562746,1
https://openalex.org/I52010207,1
https://openalex.org/I4210157154,1
https://openalex.org/I4210163483,1
https://openalex.org/I2800536013,1
https://openalex.org/I2802882910,1
https://openalex.org/I896053408,1
https://openalex.org/I60324483,1
https://openalex.org/I4210161906,1
https://openalex.org/I2613432,1
https://openalex.org/I4210155990,1
https://openalex.org/I894293524,1
https://openalex.org/I46080048,1
https://openalex.org/I185790649,1
https://openalex.org/I41173762,1
https://openalex.org/I4210093194,1
https://openalex.org/I37823250,1
https://openalex.org/I1330342723,1
https://openalex.org/I45487847,1
https://openalex.org/I98301867,1
https://openalex.org/I2799649065,1
https://openalex.org/I126601174,1
https://openalex.org/I4210116730,1
https://openalex.org/I4210139035,1
https://openalex.org/I132735039,1
https://openalex.org/I155313962,1
https://openalex.org/I13850615,1
https://openalex.org/I35046152,1
https://openalex.org/I140172145,1
https://openalex.org/I3124161356,1
https://openalex.org/I122558511,1
https://openalex.org/I204483917,1
https://openalex.org/I40413290,1
https://openalex.org/I4210092214,1
https://openalex.org/I298625061,1
https://openalex.org/I4654613,1
https://openalex.org/I1321642675,1
https://openalex.org/I4210161302,1
https://openalex.org/I4210104885,1
https://openalex.org/I2799614521,1
https://openalex.org/I128559575,1
https://openalex.org/I1295499534,1
https://openalex.org/I864159182,1
https://openalex.org/I3129956861,1
https://openalex.org/I25112270,1
https://openalex.org/I4210151123,1
https://openalex.org/I4210105365,1
https://openalex.org/I4210093434,1
https://openalex.org/I145845281,1
https://openalex.org/I4210092123,1
https://openalex.org/I1293066303,1
https://openalex.org/I902798049,1
https://openalex.org/I94357780,1
https://openalex.org/I151205615,1
https://openalex.org/I4210134982,1
https://openalex.org/I34002243,1
https://openalex.org/I1332092204,1
https://openalex.org/I2802093357,1
https://openalex.org/I177233841,1
https://openalex.org/I127727965,1
https://openalex.org/I4210139814,1
https://openalex.org/I2802208705,1
https://openalex.org/I4210119988,1
https://openalex.org/I4387154206,1
https://openalex.org/I4210159854,1
https://openalex.org/I55240360,1
https://openalex.org/I1321296531,1
https://openalex.org/I126193024,1
https://openalex.org/I1313323035,1
https://openalex.org/I4210116188,1
https://openalex.org/I110116418,1
https://openalex.org/I25822123,1
https://openalex.org/I134560555,1
https://openalex.org/I4210109390,1
https://openalex.org/I3130939756,1
https://openalex.org/I160368002,1
https://openalex.org/I84524832,1
https://openalex.org/I5518804,1
https://openalex.org/I36443711,1
https://openalex.org/I4210147381,1
https://openalex.org/I27897274,1
https://openalex.org/I4210131323,1
https://openalex.org/I4390039325,1
https://openalex.org/I4210154732,1
https://openalex.org/I4210130836,1
https://openalex.org/I134446601,1
https://openalex.org/I39063666,1
https://openalex.org/I4210130200,1
https://openalex.org/I2800403580,1
https://openalex.org/I71920554,1
https://openalex.org/I36788626,1
https://openalex.org/I3148997608,1
https://openalex.org/I4210166639,1
https://openalex.org/I4210128585,1
https://openalex.org/I64189192,1
https://openalex.org/I4210109586,1
https://openalex.org/I4210143738,1
https://openalex.org/I2801014300,1
https://openalex.org/I203088144,1
https://openalex.org/I4210089564,1
https://openalex.org/I4210148309,1
https://openalex.org/I112576028,1
https://openalex.org/I4210112164,1
https://openalex.org/I4210126829,1
https://openalex.org/I2799787213,1
https://openalex.org/I13955877,1
https://openalex.org/I37696226,1
https://openalex.org/I1294182474,1
https://openalex.org/I4210145812,1
https://openalex.org/I114794399,1
https://openalex.org/I4388482718,1
https://openalex.org/I166455938,1
https://openalex.org/I4210166348,1
https://openalex.org/I166722992,1
https://openalex.org/I4210137727,1
https://openalex.org/I58048189,1
https://openalex.org/I4210106686,1
https://openalex.org/I68554272,1
https://openalex.org/I39705031,1
https://openalex.org/I3132208328,1
https://openalex.org/I83399316,1
https://openalex.org/I90340485,1
https://openalex.org/I114176345,1
https://openalex.org/I91138267,1
https://openalex.org/I90767664,1
https://openalex.org/I4210147764,1
https://openalex.org/I1282516798,1
https://openalex.org/I4210128526,1
https://openalex.org/I2803034837,1
https://openalex.org/I1318116459,1
https://openalex.org/I153297377,1
https://openalex.org/I2800114814,1
https://openalex.org/I4210134769,1
https://openalex.org/I4210090317,1
https://openalex.org/I20388574,1
https://openalex.org/I4210126298,1
https://openalex.org/I99682543,1
https://openalex.org/I99729588,1
https://openalex.org/I4210135086,1
https://openalex.org/I204250578,1
https://openalex.org/I4210103611,1
https://openalex.org/I4210127938,1
https://openalex.org/I4210087725,1
https://openalex.org/I4210100810,1
https://openalex.org/I4210122908,1
https://openalex.org/I4210159536,1
https://openalex.org/I159247623,1
https://openalex.org/I190632392,1
https://openalex.org/I4210086961,1
https://openalex.org/I20581793,1
https://openalex.org/I110002522,1
https://openalex.org/I94800806,1
https://openalex.org/I117963711,1
https://openalex.org/I2699952,1
https://openalex.org/I114277686,1
https://openalex.org/I66752286,1
https://openalex.org/I1314707548,1
https://openalex.org/I11892038,1
https://openalex.org/I84641585,1
https://openalex.org/I63601056,1
https://openalex.org/I43480833,1
https://openalex.org/I191420491,1
https://openalex.org/I107257983,1
https://openalex.org/I26437253,1
https://openalex.org/I47818738,1
https://openalex.org/I306340464,1
https://openalex.org/I141943178,1
https://openalex.org/I55060895,1
https://openalex.org/I82904351,1
https://openalex.org/I54459138,1
https://openalex.org/I90745801,1
https://openalex.org/I4432739,1
https://openalex.org/I118567650,1
https://openalex.org/I2802166871,1
https://openalex.org/I205133468,1
https://openalex.org/I66943878,1
https://openalex.org/I45711476,1
https://openalex.org/I20121455,1
https://openalex.org/I138164181,1
https://openalex.org/I102134673,1
https://openalex.org/I195573530,1
https://openalex.org/I4210090178,1
https://openalex.org/I4210117936,1
https://openalex.org/I166825849,1
https://openalex.org/I4210107548,1
https://openalex.org/I4210166566,1
https://openalex.org/I4210121124,1
https://openalex.org/I82880672,1
https://openalex.org/I4210158946,1
https://openalex.org/I4210089010,1
https://openalex.org/I4210153843,1
https://openalex.org/I928991512,1
https://openalex.org/I16528096,1
https://openalex.org/I80281795,1
https://openalex.org/I28174512,1
https://openalex.org/I4210089980,1
https://openalex.org/I4210125667,1
https://openalex.org/I18167132,1
https://openalex.org/I4210162403,1
https://openalex.org/I1290900354,1
https://openalex.org/I4210118777,1
https://openalex.org/I76569877,1
https://openalex.org/I4210116770,1
https://openalex.org/I2800752714,1
https://openalex.org/I4210151801,1
https://openalex.org/I2800808753,1
https://openalex.org/I4210124352,1
https://openalex.org/I1325899441,1
https://openalex.org/I4210105192,1
https://openalex.org/I118347220,1
https://openalex.org/I1292669757,1
https://openalex.org/I164185940,1
https://openalex.org/I1344073410,1
https://openalex.org/I171210897,1
https://openalex.org/I9360294,1
https://openalex.org/I71052956,1
https://openalex.org/I94256465,1
https://openalex.org/I162051807,1
https://openalex.org/I4210126183,1
https://openalex.org/I19880235,1
https://openalex.org/I165682329,1
https://openalex.org/I4210163968,1
https://openalex.org/I28109999,1
https://openalex.org/I4210154014,1
https://openalex.org/I75256744,1
https://openalex.org/I181647926,1
https://openalex.org/I199143407,1
https://openalex.org/I4210122504,1
https://openalex.org/I1301553790,1
https://openalex.org/I4210138501,1
https://openalex.org/I121797337,1
https://openalex.org/I3045169105,1
https://openalex.org/I17647740,1
https://openalex.org/I4210107786,1
https://openalex.org/I123431417,1
https://openalex.org/I4210142396,1
https://openalex.org/I4210137448,1
https://openalex.org/I171256487,1
https://openalex.org/I4210113371,1
https://openalex.org/I134820265,1
https://openalex.org/I2799300731,1
https://openalex.org/I227486990,1
https://openalex.org/I122140584,1
https://openalex.org/I196679689,1
https://openalex.org/I4210087407,1
https://openalex.org/I31944674,1
https://openalex.org/I4210102541,1
https://openalex.org/I4210151987,1
https://openalex.org/I146416000,1
https://openalex.org/I100288624,1
https://openalex.org/I158688498,1
https://openalex.org/I63664421,1
https://openalex.org/I82767444,1
https://openalex.org/I31766871,1
https://openalex.org/I2799553609,1
https://openalex.org/I150209017,1
https://openalex.org/I4210117844,1
https://openalex.org/I889458895,1
https://openalex.org/I33213144,1
https://openalex.org/I196817621,1
https://openalex.org/I913481162,1
https://openalex.org/I114131015,1
https://openalex.org/I4401726783,1
https://openalex.org/I200859690,1
https://openalex.org/I92715842,1
https://openalex.org/I4210162166,1
https://openalex.org/I4210103017,1
https://openalex.org/I194839184,1
https://openalex.org/I1336862989,1
https://openalex.org/I2800984189,1
https://openalex.org/I4210091499,1
https://openalex.org/I118185606,1
https://openalex.org/I2802140467,1
https://openalex.org/I4210138523,1
https://openalex.org/I113358080,1
https://openalex.org/I153975220,1
https://openalex.org/I4210087217,1
https://openalex.org/I157669161,1
https://openalex.org/I2801572250,1
https://openalex.org/I4210150756,1
https://openalex.org/I4210154795,1
https://openalex.org/I4210115082,1
https://openalex.org/I4210126338,1
https://openalex.org/I28710699,1
https://openalex.org/I152269853,1
https://openalex.org/I23171815,1
https://openalex.org/I4210142748,1
https://openalex.org/I125839683,1
https://openalex.org/I9927081,1
https://openalex.org/I881766915,1
https://openalex.org/I59725666,1
https://openalex.org/I4210145783,1
https://openalex.org/I4210133257,1
https://openalex.org/I155043079,1
https://openalex.org/I145286018,1
https://openalex.org/I4210134189,1
https://openalex.org/I146620803,1
https://openalex.org/I47099075,1
https://openalex.org/I129902397,1
https://openalex.org/I13268429,1
https://openalex.org/I4210135619,1
https://openalex.org/I4210087873,1
https://openalex.org/I1320354487,1
https://openalex.org/I4391767661,1
https://openalex.org/I82571370,1
https://openalex.org/I205490536,1
https://openalex.org/I106826634,1
https://openalex.org/I166401450,1
https://openalex.org/I4210092744,1
https://openalex.org/I4210124598,1
https://openalex.org/I151746483,1
https://openalex.org/I4210137965,1
https://openalex.org/I17653759,1
https://openalex.org/I110594554,1
https://openalex.org/I14716724,1
https://openalex.org/I4210114288,1
https://openalex.org/I92869138,1
https://openalex.org/I70900168,1
https://openalex.org/I55732556,1
https://openalex.org/I15477984,1
https://openalex.org/I205349734,1
https://openalex.org/I92446798,1
https://openalex.org/I1298723799,1
https://openalex.org/I94624287,1
https://openalex.org/I127019355,1
https://openalex.org/I1289461252,1
https://openalex.org/I4210160793,1
https://openalex.org/I1313416372,1
https://openalex.org/I4210160530,1
https://openalex.org/I73822459,1
https://openalex.org/I1286502909,1
https://openalex.org/I110079840,1
https://openalex.org/I130785548,1
https://openalex.org/I181996519,1
https://openalex.org/I899635006,1
https://openalex.org/I80849659,1
https://openalex.org/I95674353,1
https://openalex.org/I4210151079,1
https://openalex.org/I158867519,1
https://openalex.org/I4210104382,1
https://openalex.org/I45509622,1
https://openalex.org/I4210105200,1
https://openalex.org/I4210144812,1
https://openalex.org/I4210089305,1
https://openalex.org/I4210090100,1
https://openalex.org/I296362101,1
https://openalex.org/I112524849,1
https://openalex.org/I1316368362,1
https://openalex.org/I136446963,1
https://openalex.org/I1313606977,1
https://openalex.org/I221450849,1
https://openalex.org/I2803094215,1
https://openalex.org/I84392919,1
https://openalex.org/I29894533,1
https://openalex.org/I1293456974,1
https://openalex.org/I1326324860,1
https://openalex.org/I4210091279,1
https://openalex.org/I4210141428,1
https://openalex.org/I4210099549,1
https://openalex.org/I1328215151,1
https://openalex.org/I2801680271,1
https://openalex.org/I4210087898,1
https://openalex.org/I4210142216,1
https://openalex.org/I4210142366,1
https://openalex.org/I1648549,1
https://openalex.org/I1316901054,1
https://openalex.org/I4210108561,1
https://openalex.org/I172787465,1
https://openalex.org/I4210161504,1
https://openalex.org/I134635517,1
https://openalex.org/I4210098357,1
https://openalex.org/I150729083,1
https://openalex.org/I1327551190,1
https://openalex.org/I4387155279,1
https://openalex.org/I165831266,1
https://openalex.org/I1301411061,1
https://openalex.org/I117965899,1
https://openalex.org/I4210093196,1
https://openalex.org/I992397,1
https://openalex.org/I89652312,1
https://openalex.org/I46305995,1
https://openalex.org/I38877650,1
https://openalex.org/I184834183,1
https://openalex.org/I4210145537,1
https://openalex.org/I130442723,1
https://openalex.org/I273727760,1
https://openalex.org/I4210142847,1
https://openalex.org/I4210128956,1
https://openalex.org/I2799638773,1
https://openalex.org/I2800857658,1
https://openalex.org/I49278261,1
https://openalex.org/I66514158,1
https://openalex.org/I4210101991,1
https://openalex.org/I4210117779,1
https://openalex.org/I2802654988,1
https://openalex.org/I4210138488,1
https://openalex.org/I2803053305,1
https://openalex.org/I4210109011,1
https://openalex.org/I3019035496,1
https://openalex.org/I4210162011,1
https://openalex.org/I4210146488,1
https://openalex.org/I4210140720,1
https://openalex.org/I86987016,1
https://openalex.org/I4210142231,1
https://openalex.org/I4210125216,1
https://openalex.org/I4210102358,1
https://openalex.org/I4210114766,1
https://openalex.org/I3018001382,1
https://openalex.org/I4528857,1
https://openalex.org/I91699865,1
https://openalex.org/I301324184,1
https://openalex.org/I2799345741,1
https://openalex.org/I24542750,1
https://openalex.org/I67311998,1
https://openalex.org/I39854758,1
https://openalex.org/I132976966,1
https://openalex.org/I4210137844,1
https://openalex.org/I4210108783,1
https://openalex.org/I8692664,1
https://openalex.org/I29801172,1
https://openalex.org/I172917736,1
https://openalex.org/I2800084297,1
https://openalex.org/I197347611,1
https://openalex.org/I4210152800,1
https://openalex.org/I4210131537,1
https://openalex.org/I141103825,1
https://openalex.org/I4400600936,1
https://openalex.org/I44202434,1
https://openalex.org/I4210157027,1
https://openalex.org/I60587646,1
https://openalex.org/I51317819,1
https://openalex.org/I2800672702,1
https://openalex.org/I885602679,1
https://openalex.org/I4388891817,1
https://openalex.org/I79839403,1
https://openalex.org/I53831458,1
https://openalex.org/I215927,1
https://openalex.org/I4210090457,1
https://openalex.org/I4401200352,1
https://openalex.org/I4210165799,1
https://openalex.org/I12150220,1
https://openalex.org/I4210128557,1
https://openalex.org/I4210142005,1
https://openalex.org/I203899302,1
https://openalex.org/I1327163397,1
